veh_brand,veh_gas,policies,exposure_years,claims,claim_frequency
B1,Diesel,75543,42281.62,3937,0.09311
B1,Regular,87193,53033.37,4702,0.08866
B10,Diesel,13024,6959.99,662,0.09512
B10,Regular,4683,2529.85,196,0.07747
B11,Diesel,6715,3305.04,357,0.10802
B11,Regular,6870,3578.04,364,0.10173
B12,Diesel,75375,28580.23,3065,0.10724
B12,Regular,90649,36222.15,5794,0.15996
B13,Diesel,6088,3281.83,344,0.10482
B13,Regular,6090,3486.21,305,0.08749
B14,Diesel,1299,718.48,65,0.09047
B14,Regular,2748,1552.03,101,0.06508
B2,Diesel,84796,48899.61,4516,0.09235
B2,Regular,75065,45924.15,4036,0.08788
B3,Diesel,29791,15399.16,1570,0.10195
B3,Regular,23604,13177.28,1248,0.09471
B4,Diesel,11358,5877.46,586,0.0997
B4,Regular,13821,7892.59,726,0.09198
B5,Diesel,16802,9461.24,956,0.10104
B5,Regular,17951,10522.36,1064,0.10112
B6,Diesel,11345,5822.9,582,0.09995
B6,Regular,17203,9854.53,880,0.0893
