region_code,policies,exposure_years,claims,claim_frequency,pure_premium
R11,69791,30198.13,3978,0.13173,151.11
R21,3026,1204.34,160,0.13285,399.59
R22,7994,3572.84,439,0.12287,192.46
R23,8784,3176.88,303,0.09538,103.09
R24,160601,102706.44,9197,0.08955,185.72
R25,10893,6652.65,633,0.09515,139.77
R26,10492,5022.99,511,0.10173,126.68
R31,27285,11488.07,1176,0.10237,142.29
R41,12990,8112.49,611,0.07532,127.49
R42,2200,1208.64,133,0.11004,100.46
R43,1326,563.77,57,0.1011,135.75
R52,38751,21930.32,2010,0.09165,117.23
R53,42122,27752.79,2702,0.09736,140.56
R54,19046,11163.01,968,0.08671,116.91
R72,31329,14316.17,1348,0.09416,133.84
R73,17141,7014.43,688,0.09808,76.9
R74,4567,2395.73,259,0.10811,116.99
R82,84752,45332.59,5032,0.111,226.73
R83,5287,2322.27,189,0.08139,79.22
R91,35805,14710.62,1509,0.10258,138.06
R93,79315,35748.98,3906,0.10926,192.2
R94,4516,1765.94,247,0.13987,263.08
