member_id,age,sex,bmi,children,smoker_flag,smoker_status,region,charges,age_band,bmi_category,obese_flag,children_band,is_charges_outlier_iqr15,is_charges_top1pct
1,18,female,30.305,0,0,non-smoker,northeast,2203.74,01: 18-24,4: Obese,1,0,0,0
2,18,female,35.625,0,0,non-smoker,northeast,2211.13,01: 18-24,4: Obese,1,0,0,0
3,18,female,39.16,0,0,non-smoker,southeast,1633.04,01: 18-24,4: Obese,1,0,0,0
4,18,male,17.29,2,1,smoker,northeast,12829.46,01: 18-24,1: Underweight,0,2,0,0
5,18,male,21.78,2,0,non-smoker,southeast,11884.05,01: 18-24,2: Normal,0,2,0,0
6,18,male,23.21,0,0,non-smoker,southeast,1121.87,01: 18-24,2: Normal,0,0,0,0
7,18,male,27.36,1,1,smoker,northeast,17178.68,01: 18-24,3: Overweight,0,1,0,0
8,18,male,29.37,1,0,non-smoker,southeast,1719.44,01: 18-24,3: Overweight,0,1,0,0
9,18,male,35.2,1,0,non-smoker,southeast,1727.54,01: 18-24,4: Obese,1,1,0,0
10,19,female,27.9,0,1,smoker,southwest,16884.92,01: 18-24,3: Overweight,0,0,0,0
11,19,female,32.11,0,0,non-smoker,northwest,2130.68,01: 18-24,4: Obese,1,0,0,0
12,19,female,32.9,0,0,non-smoker,southwest,1748.77,01: 18-24,4: Obese,1,0,0,0
13,19,female,39.615,1,0,non-smoker,northwest,2730.11,01: 18-24,4: Obese,1,1,0,0
14,19,male,17.48,0,0,non-smoker,northwest,1621.34,01: 18-24,1: Underweight,0,0,0,0
15,19,male,33.1,0,0,non-smoker,southwest,23082.96,01: 18-24,4: Obese,1,0,0,0
16,20,male,33.0,1,0,non-smoker,southwest,1980.07,01: 18-24,4: Obese,1,1,0,0
17,21,female,17.4,1,0,non-smoker,southwest,2585.27,01: 18-24,1: Underweight,0,1,0,0
18,21,female,34.87,0,0,non-smoker,southeast,2020.55,01: 18-24,4: Obese,1,0,0,0
19,21,female,39.49,0,0,non-smoker,southeast,2026.97,01: 18-24,4: Obese,1,0,0,0
20,21,male,27.36,0,0,non-smoker,northeast,2104.11,01: 18-24,3: Overweight,0,0,0,0
21,21,male,31.1,0,0,non-smoker,southwest,1526.31,01: 18-24,4: Obese,1,0,0,0
22,22,female,34.58,2,0,non-smoker,northeast,3925.76,01: 18-24,4: Obese,1,2,0,0
23,22,male,28.31,1,0,non-smoker,northwest,2639.04,01: 18-24,3: Overweight,0,1,0,0
24,22,male,34.8,3,0,non-smoker,southwest,3443.06,01: 18-24,4: Obese,1,3+,0,0
25,22,male,35.6,0,1,smoker,southwest,35585.58,01: 18-24,4: Obese,1,0,1,0
26,23,female,31.4,0,1,smoker,southwest,34166.27,01: 18-24,4: Obese,1,0,1,0
27,23,female,36.67,2,1,smoker,northeast,38511.63,01: 18-24,4: Obese,1,2,1,0
28,24,female,26.6,0,0,non-smoker,northeast,3046.06,01: 18-24,3: Overweight,0,0,0,0
29,24,female,27.6,0,0,non-smoker,southwest,18955.22,01: 18-24,3: Overweight,0,0,0,0
30,24,male,29.83,0,1,smoker,northeast,18648.42,01: 18-24,3: Overweight,0,0,0,0
31,24,male,32.01,0,0,non-smoker,southeast,1981.58,01: 18-24,4: Obese,1,0,0,0
32,25,male,26.22,0,0,non-smoker,northeast,2721.32,02: 25-34,3: Overweight,0,0,0,0
33,26,female,19.8,1,0,non-smoker,southwest,3378.91,02: 25-34,2: Normal,0,1,0,0
34,26,male,33.915,1,0,non-smoker,northwest,3292.53,02: 25-34,4: Obese,1,1,0,0
35,26,male,46.53,1,0,non-smoker,southeast,2927.06,02: 25-34,4: Obese,1,1,0,0
36,27,female,17.955,2,1,smoker,northeast,15006.58,02: 25-34,1: Underweight,0,2,0,0
37,27,female,24.75,0,1,smoker,southeast,16577.78,02: 25-34,2: Normal,0,0,0,0
38,27,male,32.67,0,0,non-smoker,southeast,2497.04,02: 25-34,4: Obese,1,0,0,0
39,28,female,33.4,0,0,non-smoker,southwest,3172.02,02: 25-34,4: Obese,1,0,0,0
40,29,male,34.4,0,1,smoker,southwest,36197.7,02: 25-34,4: Obese,1,0,1,0
41,30,female,21.945,1,0,non-smoker,northeast,4718.2,02: 25-34,2: Normal,0,1,0,0
42,30,male,22.99,2,1,smoker,northwest,17361.77,02: 25-34,2: Normal,0,2,0,0
43,30,male,24.4,3,1,smoker,southwest,18259.22,02: 25-34,2: Normal,0,3+,0,0
44,30,male,31.4,1,0,non-smoker,southwest,3659.35,02: 25-34,4: Obese,1,1,0,0
45,30,male,31.57,3,0,non-smoker,southeast,4837.58,02: 25-34,4: Obese,1,3+,0,0
46,31,female,29.1,0,0,non-smoker,southwest,3761.29,02: 25-34,3: Overweight,0,0,0,0
47,31,female,32.68,1,0,non-smoker,northwest,4738.27,02: 25-34,4: Obese,1,1,0,0
48,31,female,32.775,2,0,non-smoker,northwest,5327.4,02: 25-34,4: Obese,1,2,0,0
49,31,male,26.885,1,0,non-smoker,northeast,4441.21,02: 25-34,3: Overweight,0,1,0,0
50,31,male,31.065,3,0,non-smoker,northwest,5425.02,02: 25-34,4: Obese,1,3+,0,0
51,32,female,20.52,0,0,non-smoker,northeast,4544.23,02: 25-34,2: Normal,0,0,0,0
52,33,female,19.095,2,1,smoker,northeast,16776.3,02: 25-34,2: Normal,0,2,0,0
53,33,male,42.4,5,0,non-smoker,southwest,6666.24,02: 25-34,4: Obese,1,3+,0,0
54,34,female,33.7,1,0,non-smoker,southwest,5012.47,02: 25-34,4: Obese,1,1,0,0
55,34,female,38.0,3,0,non-smoker,southwest,6196.45,02: 25-34,4: Obese,1,3+,0,0
56,34,male,22.42,2,0,non-smoker,northeast,27375.9,02: 25-34,2: Normal,0,2,0,0
57,34,male,25.27,1,0,non-smoker,northwest,4894.75,02: 25-34,3: Overweight,0,1,0,0
58,35,female,28.025,0,1,smoker,northwest,20234.85,03: 35-44,3: Overweight,0,0,0,0
59,35,male,24.13,1,0,non-smoker,northwest,5125.22,03: 35-44,2: Normal,0,1,0,0
60,35,male,24.42,3,1,smoker,southeast,19362.0,03: 35-44,2: Normal,0,3+,0,0
61,36,male,27.55,3,0,non-smoker,northeast,6746.74,03: 35-44,3: Overweight,0,3+,0,0
62,36,male,30.875,1,0,non-smoker,northwest,5373.36,03: 35-44,4: Obese,1,1,0,0
63,37,female,26.4,0,1,smoker,southeast,19539.24,03: 35-44,3: Overweight,0,0,0,0
64,37,female,30.78,0,1,smoker,northeast,37270.15,03: 35-44,4: Obese,1,0,1,0
65,37,female,47.6,2,1,smoker,southwest,46113.51,03: 35-44,4: Obese,1,2,1,0
66,37,male,24.32,2,0,non-smoker,northwest,6198.75,03: 35-44,2: Normal,0,2,0,0
67,37,male,37.07,1,1,smoker,southeast,39871.7,03: 35-44,4: Obese,1,1,1,0
68,37,male,46.53,3,0,non-smoker,southeast,6435.62,03: 35-44,4: Obese,1,3+,0,0
69,38,female,19.95,2,0,non-smoker,northeast,7133.9,03: 35-44,2: Normal,0,2,0,0
70,39,female,23.87,5,0,non-smoker,southeast,8582.3,03: 35-44,2: Normal,0,3+,0,0
71,39,female,41.8,0,0,non-smoker,southeast,5662.23,03: 35-44,4: Obese,1,0,0,0
72,39,male,29.6,4,0,non-smoker,southwest,7512.27,03: 35-44,3: Overweight,0,3+,0,0
73,40,female,28.12,1,1,smoker,northeast,22331.57,03: 35-44,3: Overweight,0,1,0,0
74,41,female,31.6,0,0,non-smoker,southwest,6186.13,03: 35-44,4: Obese,1,0,0,0
75,42,female,26.18,1,0,non-smoker,southeast,7046.72,03: 35-44,3: Overweight,0,1,0,0
76,42,female,26.6,0,1,smoker,northwest,21348.71,03: 35-44,3: Overweight,0,0,0,0
77,42,female,36.195,1,0,non-smoker,northwest,7443.64,03: 35-44,4: Obese,1,1,0,0
78,42,female,41.325,1,0,non-smoker,northeast,7650.77,03: 35-44,4: Obese,1,1,0,0
79,42,male,26.315,1,0,non-smoker,northwest,6940.91,03: 35-44,3: Overweight,0,1,0,0
80,43,female,34.58,1,0,non-smoker,northwest,7727.25,03: 35-44,4: Obese,1,1,0,0
81,43,male,27.36,3,0,non-smoker,northeast,8606.22,03: 35-44,3: Overweight,0,3+,0,0
82,44,female,36.955,1,0,non-smoker,northwest,8023.14,03: 35-44,4: Obese,1,1,0,0
83,44,male,37.1,2,0,non-smoker,southwest,7740.34,03: 35-44,4: Obese,1,2,0,0
84,45,male,24.035,2,0,non-smoker,northeast,8604.48,04: 45-54,2: Normal,0,2,0,0
85,45,male,30.36,0,1,smoker,southeast,62592.87,04: 45-54,4: Obese,1,0,1,1
86,45,male,33.7,1,0,non-smoker,southwest,7445.92,04: 45-54,4: Obese,1,1,0,0
87,46,female,19.95,2,0,non-smoker,northwest,9193.84,04: 45-54,2: Normal,0,2,0,0
88,46,female,23.655,1,1,smoker,northwest,21677.28,04: 45-54,2: Normal,0,1,0,0
89,46,female,30.8,3,0,non-smoker,southwest,9414.92,04: 45-54,4: Obese,1,3+,0,0
90,47,female,29.37,1,0,non-smoker,southeast,8547.69,04: 45-54,3: Overweight,0,1,0,0
91,47,male,36.19,0,1,smoker,southeast,41676.08,04: 45-54,4: Obese,1,0,1,0
92,48,female,22.8,0,0,non-smoker,southwest,8269.04,04: 45-54,2: Normal,0,0,0,0
93,48,female,32.3,2,0,non-smoker,northeast,10043.25,04: 45-54,4: Obese,1,2,0,0
94,48,female,33.33,0,0,non-smoker,southeast,8283.68,04: 45-54,4: Obese,1,0,0,0
95,48,male,35.625,4,0,non-smoker,northeast,10736.87,04: 45-54,4: Obese,1,3+,0,0
96,49,female,36.63,3,0,non-smoker,southeast,10381.48,04: 45-54,4: Obese,1,3+,0,0
97,49,female,42.68,2,0,non-smoker,southeast,9800.89,04: 45-54,4: Obese,1,2,0,0
98,49,male,22.515,0,0,non-smoker,northeast,8688.86,04: 45-54,2: Normal,0,0,0,0
99,50,female,27.36,0,0,non-smoker,northeast,25656.58,04: 45-54,3: Overweight,0,0,0,0
100,50,female,28.16,3,0,non-smoker,southeast,10702.64,04: 45-54,3: Overweight,0,3+,0,0
101,50,male,26.6,0,0,non-smoker,southwest,8444.47,04: 45-54,3: Overweight,0,0,0,0
102,50,male,36.2,0,0,non-smoker,southwest,8457.82,04: 45-54,4: Obese,1,0,0,0
103,50,male,37.07,1,0,non-smoker,southeast,9048.03,04: 45-54,4: Obese,1,1,0,0
104,51,female,20.6,0,0,non-smoker,southwest,9264.8,04: 45-54,2: Normal,0,0,0,0
105,51,female,40.66,0,0,non-smoker,northeast,9875.68,04: 45-54,4: Obese,1,0,0,0
106,51,male,37.0,0,0,non-smoker,southwest,8798.59,04: 45-54,4: Obese,1,0,0,0
107,52,male,34.485,3,1,smoker,northwest,60021.4,04: 45-54,4: Obese,1,3+,1,1
108,52,male,41.8,2,1,smoker,southeast,47269.85,04: 45-54,4: Obese,1,2,1,0
109,53,male,36.1,1,0,non-smoker,southwest,10085.85,04: 45-54,4: Obese,1,1,0,0
110,54,female,32.3,1,0,non-smoker,northeast,11512.41,04: 45-54,4: Obese,1,1,0,0
111,54,male,25.46,1,0,non-smoker,northeast,25517.11,04: 45-54,3: Overweight,0,1,0,0
112,54,male,33.63,1,0,non-smoker,northwest,10825.25,04: 45-54,4: Obese,1,1,0,0
113,56,male,32.11,1,0,non-smoker,northeast,11763.0,05: 55-64,4: Obese,1,1,0,0
114,57,female,23.18,0,0,non-smoker,northwest,11830.61,05: 55-64,2: Normal,0,0,0,0
115,57,female,25.74,2,0,non-smoker,southeast,12629.17,05: 55-64,3: Overweight,0,2,0,0
116,57,male,18.335,0,0,non-smoker,northeast,11534.87,05: 55-64,1: Underweight,0,0,0,0
117,57,male,42.13,1,1,smoker,southeast,48675.52,05: 55-64,4: Obese,1,1,1,0
118,58,female,25.2,0,0,non-smoker,southwest,11837.16,05: 55-64,3: Overweight,0,0,0,0
119,58,female,29.0,0,0,non-smoker,southwest,11842.44,05: 55-64,3: Overweight,0,0,0,0
120,58,male,28.595,0,0,non-smoker,northwest,11735.88,05: 55-64,3: Overweight,0,0,0,0
121,59,female,26.505,0,0,non-smoker,northeast,12815.44,05: 55-64,3: Overweight,0,0,0,0
122,59,male,25.46,1,0,non-smoker,northeast,12913.99,05: 55-64,3: Overweight,0,1,0,0
123,60,female,36.005,0,0,non-smoker,northeast,13228.85,05: 55-64,4: Obese,1,0,0,0
124,61,female,21.09,0,0,non-smoker,northwest,13415.04,05: 55-64,2: Normal,0,0,0,0
125,61,female,36.385,1,1,smoker,northeast,48517.56,05: 55-64,4: Obese,1,1,1,0
126,61,male,31.57,0,0,non-smoker,southeast,12557.61,05: 55-64,4: Obese,1,0,0,0
127,61,male,36.1,3,0,non-smoker,southwest,27941.29,05: 55-64,4: Obese,1,3+,0,0
128,62,female,25.0,0,0,non-smoker,southwest,13451.12,05: 55-64,3: Overweight,0,0,0,0
129,63,male,30.8,0,0,non-smoker,southwest,13390.56,05: 55-64,4: Obese,1,0,0,0
130,63,male,33.1,0,0,non-smoker,southwest,13393.76,05: 55-64,4: Obese,1,0,0,0
131,63,male,41.325,3,0,non-smoker,northwest,15555.19,05: 55-64,4: Obese,1,3+,0,0
132,63,male,41.47,0,0,non-smoker,southeast,13405.39,05: 55-64,4: Obese,1,0,0,0
133,64,female,26.885,0,1,smoker,northwest,29330.98,05: 55-64,3: Overweight,0,0,0,0
134,64,male,33.88,0,1,smoker,southeast,46889.26,05: 55-64,4: Obese,1,0,1,0
