IDpol,ClaimNb,Exposure,Area,VehPower,VehAge,DrivAge,BonusMalus,VehBrand,VehGas,Density,Region
2007,1,0.74,D,6,0,70,50,B12,Regular,721.0,R93
4007,1,0.11,E,5,0,29,100,B12,Regular,2647.0,R11
6007,1,0.27,D,5,1,30,72,B12,Regular,533.0,R93
10007,1,0.16,D,7,10,30,60,B1,Regular,776.0,R93
22007,1,1.0,A,4,2,91,50,B1,Regular,26.0,R24
24007,1,1.0,A,9,6,33,75,B13,Regular,40.0,R52
28007,0,0.96,C,6,5,22,85,B1,Diesel,203.0,R24
30007,0,0.49,D,7,11,40,50,B1,Regular,747.0,R53
36007,0,0.02,F,6,5,37,95,B2,Diesel,17140.0,R11
44007,0,1.0,B,4,12,46,51,B1,Regular,56.0,R24
48007,0,0.92,A,8,17,49,50,B10,Diesel,35.0,R54
52007,0,0.55,B,9,2,54,62,B10,Diesel,53.0,R24
56007,0,1.0,C,6,6,49,50,B5,Regular,168.0,R82
58007,0,0.21,A,5,13,24,80,B6,Regular,10.0,R24
60007,0,0.31,C,5,2,48,50,B3,Diesel,259.0,R31
62007,0,1.0,C,8,2,50,50,B5,Regular,303.0,R72
66007,0,1.0,D,4,10,55,50,B5,Regular,1622.0,R91
68007,0,0.52,C,5,11,66,50,B2,Regular,357.0,R82
72007,0,1.0,D,9,15,56,50,B2,Diesel,543.0,R91
78007,1,0.35,B,6,5,63,50,B3,Regular,57.0,R72
82007,0,0.18,E,7,6,46,62,B4,Diesel,4762.0,R93
84007,0,0.00273224043715847,B,8,16,22,90,B2,Regular,75.0,R52
88007,0,0.09,E,8,7,50,50,B6,Diesel,3688.0,R82
96007,1,0.45,E,6,7,51,51,B3,Diesel,2039.0,R31
98007,0,0.19,A,7,9,38,50,B6,Regular,41.0,R24
100007,0,0.12,D,5,5,48,72,B1,Regular,1384.0,R82
112007,0,0.58,B,6,5,41,63,B3,Diesel,55.0,R22
126007,0,1.0,D,4,13,46,50,B1,Regular,1296.0,R24
132007,0,1.0,C,6,7,62,50,B12,Regular,287.0,R53
134007,0,1.0,C,6,14,55,50,B1,Diesel,251.0,R25
136007,0,1.0,B,5,7,55,52,B4,Diesel,57.0,R72
140007,0,1.0,A,5,2,43,50,B3,Diesel,38.0,R82
142007,0,1.0,D,6,2,47,50,B1,Regular,747.0,R53
146007,0,1.0,D,8,8,44,50,B3,Regular,886.0,R54
148007,0,1.0,B,4,9,68,50,B2,Regular,91.0,R24
152007,0,0.81,E,9,7,59,50,B11,Regular,8455.0,R82
154007,0,0.98,A,4,14,47,50,B1,Regular,17.0,R24
156007,0,0.02,D,8,8,40,50,B3,Regular,741.0,R24
158007,0,1.0,B,10,2,24,57,B3,Regular,63.0,R82
160007,0,1.0,E,6,6,34,60,B3,Regular,3021.0,R53
164007,0,0.57,A,6,7,19,90,B3,Diesel,37.0,R24
170007,0,0.49,A,7,2,31,75,B3,Diesel,10.0,R24
172007,0,0.94,D,7,0,45,50,B4,Regular,614.0,R24
174007,0,0.23,B,8,11,46,50,B1,Regular,93.0,R25
176007,0,0.07,A,11,6,56,50,B13,Regular,23.0,R24
1000007,0,0.67,B,7,0,53,50,B12,Diesel,54.0,R22
1008007,0,0.7,C,5,1,57,50,B12,Regular,330.0,R93
1012007,0,0.51,D,9,10,26,118,B3,Regular,1403.0,R31
1014007,0,0.09,E,8,0,62,50,B11,Regular,4762.0,R93
1016007,0,0.18,E,5,1,33,51,B12,Diesel,3991.0,R21
1018007,0,0.96,A,6,9,44,50,B1,Diesel,10.0,R24
1020007,0,1.0,A,4,15,59,50,B1,Regular,43.0,R24
1026007,0,1.0,A,4,2,40,50,B1,Regular,7.0,R74
1032007,0,0.25,C,6,8,27,72,B3,Diesel,214.0,R26
1034007,0,1.0,A,6,14,33,54,B1,Diesel,48.0,R24
1038007,0,1.0,C,6,3,50,50,B5,Diesel,112.0,R24
1040007,0,1.0,F,6,2,36,50,B3,Diesel,27000.0,R11
1042007,0,1.0,D,7,12,52,50,B2,Diesel,644.0,R53
1046007,0,0.82,D,8,19,60,50,B12,Regular,1601.0,R41
1050007,0,0.06,E,6,2,37,50,B1,Diesel,4128.0,R52
1054007,0,1.0,A,6,7,70,50,B1,Regular,22.0,R24
1064007,0,0.06,E,4,0,51,50,B3,Regular,3317.0,R93
1070007,0,1.0,A,13,18,41,50,B10,Diesel,23.0,R53
1074007,1,1.0,D,9,10,52,72,B2,Regular,1313.0,R24
1076007,0,1.0,C,7,12,70,50,B1,Diesel,208.0,R82
1080007,0,0.7,B,7,1,26,64,B3,Diesel,51.0,R24
1086007,0,0.94,D,10,13,43,50,B12,Diesel,972.0,R82
1090007,0,1.0,C,5,7,71,50,B5,Diesel,270.0,R54
1092007,0,1.0,B,7,13,75,50,B2,Diesel,50.0,R24
1094007,0,0.11,D,7,5,60,50,B5,Regular,674.0,R93
1102007,0,1.0,A,4,9,29,54,B2,Regular,50.0,R91
1104007,0,0.72,B,5,4,25,72,B1,Diesel,81.0,R24
1106007,0,1.0,C,6,7,59,50,B13,Diesel,133.0,R23
1108007,0,0.45,B,7,12,35,51,B5,Diesel,54.0,R53
1110007,0,0.17,C,4,1,57,50,B6,Regular,233.0,R54
1114007,0,0.4,E,6,6,60,50,B12,Regular,2105.0,R82
1116007,0,0.51,B,7,0,31,67,B2,Diesel,94.0,R24
1118007,0,1.0,C,7,8,48,50,B2,Diesel,125.0,R53
1120007,0,1.0,D,7,8,42,50,B11,Diesel,1466.0,R31
1122007,0,0.61,C,6,10,29,80,B2,Diesel,312.0,R24
1124007,0,0.03,C,6,3,56,50,B2,Regular,125.0,R53
1128007,0,0.35,D,7,0,51,50,B11,Regular,722.0,R53
1130007,0,0.64,A,6,4,36,50,B2,Diesel,29.0,R24
1138007,0,0.7,D,5,12,52,50,B3,Diesel,831.0,R54
1144007,0,0.92,A,4,12,66,50,B2,Regular,37.0,R24
1150007,0,1.0,A,8,21,55,50,B2,Diesel,29.0,R24
1162007,0,1.0,D,5,8,59,69,B2,Diesel,1313.0,R24
1166007,0,0.55,E,4,7,37,50,B2,Diesel,4116.0,R24
1168007,0,0.08,E,13,6,35,125,B6,Regular,3386.0,R53
1178007,0,0.35,B,5,3,54,50,B3,Regular,93.0,R54
1180007,0,1.0,C,4,5,52,50,B2,Regular,269.0,R91
1182007,0,0.24,B,6,7,33,72,B3,Diesel,57.0,R72
1184007,0,0.5,D,7,1,35,64,B6,Regular,1326.0,R93
1186007,0,0.59,E,6,12,63,80,B6,Regular,7313.0,R31
1188007,0,0.96,E,5,16,52,68,B2,Diesel,3317.0,R93
1190007,0,0.36,C,6,13,50,50,B2,Diesel,251.0,R73
1192007,0,0.29,C,8,2,32,50,B1,Regular,118.0,R24
1194007,0,0.08,D,4,9,37,51,B2,Diesel,824.0,R91
1196007,0,0.08,D,7,5,49,50,B6,Diesel,851.0,R52
1198007,0,0.51,D,6,7,38,60,B2,Diesel,1229.0,R31
2000007,0,0.96,C,7,2,53,50,B12,Regular,161.0,R82
2002007,0,0.8,D,4,2,44,85,B12,Regular,573.0,R41
2006007,0,0.61,D,5,4,57,50,B12,Diesel,966.0,R26
2010007,0,0.95,C,5,2,64,50,B12,Regular,164.0,R93
2016007,0,0.45,C,7,1,44,50,B12,Diesel,146.0,R93
2026007,0,0.07,E,7,0,33,76,B12,Regular,3545.0,R11
2036007,0,0.08,E,6,0,23,118,B12,Diesel,5877.0,R11
2040007,0,0.15,D,6,0,47,50,B12,Diesel,962.0,R31
2046007,0,0.74,D,11,8,49,50,B1,Diesel,1072.0,R42
2048007,0,1.0,C,7,6,61,50,B2,Diesel,155.0,R24
2050007,0,0.25,C,6,9,42,50,B1,Diesel,308.0,R24
2052007,0,1.0,A,7,5,40,50,B1,Diesel,44.0,R24
2054007,0,1.0,B,10,13,45,50,B13,Diesel,60.0,R24
2056007,0,1.0,D,8,15,54,50,B6,Diesel,1974.0,R54
2058007,0,0.54,F,5,4,30,60,B3,Diesel,22669.0,R11
2072007,0,1.0,C,9,17,40,50,B10,Diesel,109.0,R24
2076007,0,1.0,E,8,2,64,50,B6,Diesel,3317.0,R93
2078007,0,1.0,C,9,2,50,50,B4,Diesel,146.0,R93
2084007,0,0.74,D,5,2,34,64,B4,Diesel,1466.0,R31
2086007,0,1.0,D,5,3,79,50,B2,Regular,1054.0,R24
2088007,0,0.48,D,4,14,37,54,B5,Regular,1408.0,R52
2090007,0,1.0,C,6,11,42,51,B1,Diesel,240.0,R82
2092007,2,1.0,B,7,2,55,62,B2,Regular,84.0,R26
2094007,0,0.32,E,6,5,27,68,B6,Diesel,4128.0,R52
2096007,0,1.0,A,5,15,41,50,B6,Regular,38.0,R24
2098007,0,0.82,A,4,16,45,61,B5,Regular,27.0,R24
2100007,0,1.0,A,5,6,57,50,B2,Regular,10.0,R24
2108007,0,0.15,C,6,12,35,50,B2,Diesel,298.0,R54
2110007,0,0.25,B,7,13,46,50,B5,Diesel,59.0,R24
2112007,0,0.8,D,6,13,34,64,B1,Diesel,741.0,R24
2116007,0,1.0,D,5,4,49,52,B1,Regular,1228.0,R82
2120007,0,0.15,D,6,4,39,76,B3,Diesel,1408.0,R52
2122007,0,1.0,E,6,4,31,50,B2,Diesel,9307.0,R82
2130007,0,1.0,E,7,10,55,51,B2,Diesel,4348.0,R72
2132007,0,0.01,E,6,7,28,60,B1,Regular,2415.0,R82
2134007,0,0.04,B,8,17,26,100,B2,Regular,85.0,R54
2136007,0,0.33,A,6,4,57,50,B12,Regular,44.0,R24
2138007,0,0.25,B,6,9,36,85,B3,Diesel,94.0,R83
2140007,0,0.55,C,5,0,57,50,B2,Diesel,103.0,R82
2150007,0,0.14,C,9,14,19,100,B2,Regular,161.0,R82
2152007,0,0.44,C,9,0,21,90,B2,Regular,473.0,R53
2164007,0,0.24,C,9,2,58,99,B10,Regular,307.0,R24
2166007,0,0.03,D,6,10,24,85,B3,Diesel,1054.0,R24
2184007,0,0.15,A,11,3,41,50,B4,Diesel,45.0,R24
2188007,0,0.21,C,8,3,56,50,B6,Regular,214.0,R26
2192007,0,0.06,D,4,3,49,50,B1,Regular,1408.0,R52
2196007,0,1.0,D,6,14,32,71,B5,Regular,881.0,R54
2204007,0,1.0,C,5,14,44,50,B1,Regular,188.0,R24
2206007,0,1.0,B,4,3,63,50,B4,Regular,77.0,R24
2214007,0,0.08,C,10,4,41,50,B12,Diesel,230.0,R31
2216007,0,0.6,C,4,8,43,75,B2,Diesel,107.0,R93
2218007,0,0.08,C,6,11,39,50,B6,Diesel,413.0,R72
2220007,0,0.08,E,5,3,41,72,B2,Diesel,3744.0,R93
2222007,0,0.47,C,9,10,28,60,B2,Regular,330.0,R82
2224007,0,0.08,E,6,0,39,50,B1,Regular,3317.0,R93
2226007,0,0.24,D,8,5,28,72,B12,Regular,1403.0,R93
2228007,0,0.08,D,7,0,38,50,B2,Diesel,824.0,R91
2230007,0,0.94,C,7,0,32,57,B2,Regular,342.0,R93
2256007,0,0.49,D,6,10,52,50,B1,Diesel,572.0,R93
2258007,0,1.0,A,6,13,31,67,B1,Diesel,12.0,R93
2260007,0,0.99,D,6,6,32,56,B1,Regular,1451.0,R11
2262007,0,0.08,D,4,14,62,50,B1,Diesel,1381.0,R82
2264007,0,1.0,D,5,3,28,68,B2,Diesel,824.0,R91
2266007,0,0.08,C,5,7,19,100,B4,Regular,245.0,R93
2268007,0,0.88,C,6,10,53,50,B1,Diesel,269.0,R91
2270007,0,0.08,D,10,13,43,50,B5,Diesel,1326.0,R93
2272007,0,0.5,E,7,9,48,57,B1,Diesel,6736.0,R11
2274007,1,0.08,D,5,2,48,50,B2,Diesel,983.0,R52
2276007,0,0.5,B,4,16,41,50,B6,Regular,62.0,R82
2278007,0,0.26,D,6,10,45,50,B1,Regular,542.0,R31
2280007,0,0.08,A,5,13,46,50,B2,Diesel,42.0,R23
2282007,0,0.73,C,10,18,46,50,B13,Regular,239.0,R24
2284007,0,0.08,A,7,8,41,54,B1,Diesel,24.0,R93
2286007,0,0.58,D,6,1,62,50,B3,Diesel,902.0,R31
2288007,0,0.08,E,9,9,37,72,B11,Regular,2446.0,R93
3004007,0,0.63,D,7,3,62,50,B12,Regular,1557.0,R82
3008007,0,0.21,C,10,3,50,50,B12,Regular,118.0,R31
3012007,0,0.03,C,7,2,52,50,B12,Diesel,409.0,R22
3014007,0,0.41,C,5,2,39,52,B12,Regular,357.0,R82
3018007,0,0.38,A,10,2,54,50,B12,Regular,22.0,R41
3020007,0,0.87,D,10,10,46,56,B5,Diesel,1609.0,R11
3022007,0,0.04,C,6,2,53,50,B1,Regular,107.0,R91
3024007,0,0.87,E,4,1,72,50,B12,Diesel,3103.0,R82
3028007,0,0.63,C,10,1,31,52,B12,Regular,388.0,R93
3030007,1,0.61,E,5,4,19,95,B3,Regular,3301.0,R73
3032007,0,0.4,C,4,0,52,50,B12,Regular,333.0,R91
3034007,0,0.08,A,7,10,35,50,B12,Diesel,38.0,R72
3038007,0,0.36,C,9,3,46,50,B12,Regular,220.0,R52
3042007,0,0.9,A,8,1,42,50,B12,Diesel,6.0,R21
3044007,0,0.03,D,6,1,58,50,B12,Regular,603.0,R52
3060007,0,1.0,D,6,6,74,62,B2,Diesel,776.0,R41
3062007,0,0.24,C,7,2,44,60,B1,Diesel,495.0,R91
3064007,0,0.38,D,6,12,24,100,B1,Diesel,1314.0,R24
3066007,0,1.0,A,5,4,48,55,B3,Diesel,25.0,R24
3068007,0,0.47,C,11,10,51,51,B1,Regular,400.0,R52
3070007,0,0.37,B,7,12,49,57,B2,Regular,91.0,R24
3074007,0,1.0,A,5,21,50,50,B4,Diesel,12.0,R72
3080007,0,1.0,C,7,10,51,50,B5,Diesel,243.0,R74
3082007,0,0.36,B,5,4,23,85,B2,Diesel,86.0,R24
3102007,0,1.0,D,4,3,78,50,B6,Regular,1516.0,R72
3104007,0,0.22,D,6,1,53,50,B1,Diesel,745.0,R82
3106007,0,0.24,C,4,6,46,51,B12,Regular,146.0,R24
3114007,0,0.08,C,11,13,53,50,B2,Regular,105.0,R24
3118007,0,0.33,A,6,10,27,100,B2,Regular,30.0,R24
3124007,0,0.36,C,9,1,55,50,B12,Regular,448.0,R93
3126007,0,1.0,D,6,11,56,60,B1,Diesel,657.0,R54
3128007,0,1.0,E,12,5,52,50,B10,Regular,3744.0,R93
3142007,0,0.83,E,6,11,45,50,B1,Diesel,2694.0,R54
3144007,0,0.42,D,6,24,52,50,B5,Regular,1974.0,R54
3146007,0,0.24,C,4,15,44,50,B2,Regular,133.0,R24
3148007,0,0.3,D,5,1,43,62,B5,Diesel,1408.0,R52
3154007,0,0.25,A,7,14,36,95,B3,Regular,35.0,R24
3156007,0,0.17,C,9,3,33,67,B12,Regular,242.0,R82
3158007,0,0.63,D,8,20,34,90,B2,Diesel,1445.0,R72
3160007,0,0.32,C,4,20,47,51,B5,Regular,229.0,R53
3162007,0,1.0,C,5,4,33,72,B3,Diesel,124.0,R24
3168007,0,0.54,C,7,6,33,59,B10,Diesel,101.0,R24
3170007,0,0.15,E,7,6,30,72,B3,Diesel,3857.0,R72
3172007,0,0.16,E,6,17,29,100,B3,Regular,2733.0,R93
3174007,0,0.3,E,8,0,58,50,B13,Diesel,4116.0,R24
3176007,0,0.13,E,6,15,73,96,B13,Regular,4116.0,R24
3178007,0,1.0,C,6,9,71,50,B1,Diesel,116.0,R53
3180007,0,1.0,C,5,10,55,50,B1,Regular,295.0,R24
3182007,0,1.0,C,7,17,62,50,B2,Diesel,239.0,R24
3186007,0,1.0,C,4,14,55,50,B4,Regular,130.0,R24
3190007,0,1.0,E,5,16,44,54,B1,Diesel,8455.0,R82
3194007,0,1.0,E,5,3,48,58,B2,Diesel,4128.0,R52
3198007,0,0.81,A,9,16,46,50,B10,Diesel,8.0,R24
3200007,0,0.74,C,6,8,41,50,B3,Regular,233.0,R26
3202007,0,1.0,A,6,5,54,95,B1,Diesel,16.0,R24
3208007,0,1.0,E,10,5,35,50,B12,Regular,2767.0,R52
3210007,0,0.52,C,4,9,65,50,B2,Regular,261.0,R53
3212007,0,0.25,D,10,1,52,50,B3,Diesel,1329.0,R11
3232007,0,0.24,C,4,6,50,50,B1,Regular,113.0,R82
3234007,0,0.24,D,7,20,46,50,B5,Regular,528.0,R93
3236007,0,0.08,E,5,2,39,76,B2,Regular,9307.0,R82
3238007,0,0.08,C,6,9,34,65,B1,Diesel,221.0,R91
3240007,0,0.16,B,8,5,42,50,B13,Diesel,84.0,R82
3242007,0,0.07,C,5,1,35,50,B2,Diesel,221.0,R91
3244007,0,0.07,E,4,4,35,54,B6,Regular,2163.0,R52
3246007,0,0.07,C,6,4,28,64,B3,Diesel,216.0,R73
3248007,0,0.17,E,7,4,25,95,B3,Regular,4128.0,R52
3250007,0,0.08,A,9,11,48,50,B4,Diesel,31.0,R91
3252007,0,0.08,D,6,3,50,95,B3,Diesel,824.0,R91
3254007,0,0.06,E,4,0,60,60,B1,Diesel,6736.0,R11
4000007,2,0.96,E,10,4,65,76,B12,Regular,5433.0,R93
4002007,0,0.79,C,6,3,72,50,B1,Diesel,146.0,R91
4004007,0,0.47,D,5,4,56,50,B12,Regular,1541.0,R91
4008007,0,0.12,B,7,15,36,80,B4,Regular,95.0,R93
4010007,0,0.12,D,4,15,31,80,B1,Regular,902.0,R31
4012007,0,0.01,E,4,1,46,50,B12,Regular,2190.0,R11
4016007,0,0.46,A,4,3,62,50,B12,Regular,14.0,R73
4022007,0,0.79,D,9,2,43,50,B12,Regular,688.0,R11
4024007,0,0.17,D,6,4,28,106,B2,Diesel,646.0,R31
4030007,0,0.42,D,4,1,46,50,B12,Diesel,912.0,R41
4032007,0,0.49,C,6,2,34,71,B12,Diesel,118.0,R82
4036007,0,0.35,C,10,1,62,50,B12,Regular,125.0,R82
4040007,0,0.18,A,8,1,59,50,B12,Diesel,7.0,R93
4044007,0,0.99,A,4,15,29,85,B1,Regular,40.0,R26
4050007,0,0.54,D,8,0,52,50,B12,Diesel,824.0,R91
4058007,0,0.02,B,5,0,75,50,B12,Diesel,61.0,R11
4060007,0,0.42,E,7,0,33,60,B12,Diesel,5304.0,R11
4064007,0,0.14,A,5,0,65,50,B12,Regular,14.0,R74
4076007,0,0.12,E,6,3,53,50,B12,Regular,2311.0,R11
4082007,0,0.79,C,6,9,40,50,B2,Diesel,225.0,R94
4116007,0,0.49,A,6,9,44,50,B2,Diesel,10.0,R24
4118007,0,0.74,C,6,8,27,72,B2,Diesel,214.0,R26
4120007,0,1.0,B,7,6,54,50,B1,Regular,94.0,R53
4122007,0,1.0,C,7,4,39,58,B3,Diesel,369.0,R24
4124007,0,1.0,B,5,10,58,50,B5,Regular,85.0,R93
4126007,0,1.0,B,9,3,51,50,B2,Regular,83.0,R24
4128007,0,0.18,A,4,8,64,50,B6,Regular,48.0,R24
4130007,0,1.0,C,5,3,51,50,B2,Diesel,431.0,R53
4132007,0,1.0,E,7,13,46,50,B1,Regular,2051.0,R82
4134007,0,1.0,D,4,13,53,50,B5,Regular,886.0,R54
4136007,0,1.0,B,7,4,39,50,B2,Diesel,93.0,R11
4138007,0,1.0,C,6,9,51,50,B6,Diesel,286.0,R24
4140007,0,0.32,A,7,5,31,57,B5,Regular,9.0,R24
4142007,0,1.0,E,5,4,30,57,B4,Regular,9096.0,R11
4144007,0,0.63,A,7,15,21,89,B1,Regular,18.0,R24
4146007,0,1.0,C,7,12,55,50,B11,Regular,223.0,R72
4148007,0,1.0,E,5,11,31,76,B6,Regular,3055.0,R11
4150007,0,0.22,C,5,5,26,72,B3,Regular,366.0,R53
4152007,0,1.0,C,4,24,34,50,B1,Regular,295.0,R24
4154007,0,1.0,C,8,2,44,50,B2,Diesel,388.0,R93
4156007,0,0.84,D,5,1,53,50,B1,Regular,653.0,R82
4158007,0,0.66,D,4,13,44,50,B1,Regular,625.0,R91
4160007,0,0.28,A,4,12,47,50,B2,Regular,17.0,R83
4162007,0,0.7,E,7,16,25,100,B1,Regular,7259.0,R31
4164007,0,0.41,E,6,8,46,95,B1,Diesel,2733.0,R93
4166007,0,0.55,C,7,15,36,57,B2,Regular,276.0,R25
4168007,0,0.22,E,7,9,34,100,B5,Regular,3368.0,R24
4170007,0,0.45,D,6,12,28,76,B2,Diesel,856.0,R24
4172007,0,1.0,C,6,5,78,50,B1,Diesel,272.0,R82
4174007,0,0.56,D,4,22,45,50,B1,Regular,634.0,R53
4176007,0,1.0,F,8,13,47,50,B1,Regular,12374.0,R11
4178007,0,1.0,A,6,12,53,50,B1,Diesel,9.0,R24
4180007,0,0.69,D,5,8,56,50,B1,Regular,675.0,R91
4182007,0,0.1,B,8,16,41,90,B3,Regular,57.0,R24
4184007,0,0.23,A,7,10,21,100,B12,Regular,38.0,R26
4186007,0,1.0,E,7,10,51,50,B6,Regular,4116.0,R24
4188007,0,0.46,E,6,2,58,62,B3,Regular,2472.0,R82
5014007,0,0.36,C,4,2,76,50,B12,Regular,278.0,R72
5018007,0,0.01,C,7,4,28,52,B12,Diesel,104.0,R52
5042007,0,0.9,A,12,2,44,50,B12,Diesel,17.0,R43
5046007,0,0.24,E,7,4,49,67,B12,Diesel,4301.0,R11
5052007,0,0.26,D,4,1,34,95,B12,Diesel,853.0,R31
5056007,0,0.43,A,8,1,72,50,B12,Diesel,15.0,R26
5070007,0,0.43,C,6,4,45,50,B3,Diesel,171.0,R91
5074007,0,0.87,C,6,15,46,100,B1,Diesel,254.0,R11
5084007,0,0.2,A,5,3,56,50,B12,Diesel,14.0,R93
5088007,0,0.08,C,7,0,43,57,B12,Diesel,215.0,R93
5092007,1,0.65,D,4,0,25,118,B12,Regular,824.0,R91
5094007,0,0.06,E,7,0,36,62,B12,Diesel,5376.0,R11
5104007,0,0.29,E,6,0,31,57,B12,Regular,4762.0,R93
5110007,0,0.00547945205479452,D,7,0,35,53,B12,Diesel,1451.0,R31
6006007,0,0.61,D,8,15,40,50,B12,Regular,1882.0,R72
6020007,0,0.03,E,4,3,52,50,B12,Diesel,2694.0,R54
6026007,0,0.29,D,11,9,28,68,B12,Regular,1955.0,R94
6028007,0,0.19,E,5,3,37,52,B12,Diesel,7313.0,R31
6034007,0,0.18,D,5,3,58,50,B12,Regular,1510.0,R11
6038007,0,0.73,A,11,7,45,50,B1,Diesel,16.0,R73
6048007,0,0.24,C,5,6,71,50,B3,Diesel,125.0,R72
6054007,0,0.21,F,15,2,45,66,B12,Diesel,27000.0,R11
6062007,0,0.68,D,6,3,41,71,B12,Diesel,609.0,R93
6066007,0,0.55,D,12,2,45,50,B12,Diesel,824.0,R91
6068007,0,0.74,A,5,4,34,51,B12,Diesel,27.0,R91
6072007,0,0.12,C,15,4,46,50,B12,Diesel,388.0,R93
6078007,0,0.03,C,5,6,47,50,B12,Regular,301.0,R93
6080007,0,0.03,D,10,3,69,50,B12,Regular,570.0,R93
6086007,0,0.28,C,10,6,63,50,B12,Regular,244.0,R91
6090007,0,0.15,F,7,1,40,80,B12,Diesel,27000.0,R11
6096007,0,0.37,E,15,1,79,50,B12,Regular,3430.0,R93
6098007,0,0.11,E,5,8,39,57,B2,Regular,8561.0,R11
6100007,0,0.47,C,5,5,33,64,B12,Regular,180.0,R43
6102007,0,0.14,D,7,1,56,58,B12,Diesel,990.0,R72
6106007,0,0.74,C,12,2,35,50,B12,Diesel,266.0,R72
6108007,0,0.74,E,6,1,33,50,B3,Diesel,3317.0,R93
6112007,0,0.43,D,4,0,34,64,B12,Regular,1729.0,R74
6114007,0,0.06,D,4,0,24,76,B12,Regular,1214.0,R31
