age,sex,bmi,children,smoker,region,charges
19,female,27.9,0,yes,southwest,16884.924
25,male,26.22,0,no,northeast,2721.3208
60,female,36.005,0,no,northeast,13228.84695
22,male,35.6,0,yes,southwest,35585.576
24,female,26.6,0,no,northeast,3046.062
18,female,35.625,0,no,northeast,2211.13075
43,male,27.36,3,no,northeast,8606.2174
27,female,24.75,0,yes,southeast,16577.7795
31,male,26.885,1,no,northeast,4441.21315
21,female,39.49,0,no,southeast,2026.9741
41,female,31.6,0,no,southwest,6186.127
54,male,33.63,1,no,northwest,10825.2537
44,male,37.1,2,no,southwest,7740.337
59,female,26.505,0,no,northeast,12815.44495
34,male,22.42,2,no,northeast,27375.90478
35,male,24.13,1,no,northwest,5125.2157
42,female,26.6,0,yes,northwest,21348.706
63,male,41.47,0,no,southeast,13405.3903
58,male,28.595,0,no,northwest,11735.87905
61,male,31.57,0,no,southeast,12557.6053
19,female,32.11,0,no,northwest,2130.6759
20,male,33,1,no,southwest,1980.07
34,female,33.7,1,no,southwest,5012.471
42,female,36.195,1,no,northwest,7443.64305
23,female,36.67,2,yes,northeast,38511.6283
18,male,17.29,2,yes,northeast,12829.4551
58,female,25.2,0,no,southwest,11837.16
18,male,29.37,1,no,southeast,1719.4363
40,female,28.12,1,yes,northeast,22331.5668
28,female,33.4,0,no,southwest,3172.018
36,male,27.55,3,no,northeast,6746.7425
50,male,26.6,0,no,southwest,8444.474
34,male,25.27,1,no,northwest,4894.7533
61,female,36.385,1,yes,northeast,48517.56315
24,female,27.6,0,no,southwest,18955.22017
57,female,23.18,0,no,northwest,11830.6072
48,female,32.3,2,no,northeast,10043.249
61,female,21.09,0,no,northwest,13415.0381
27,female,17.955,2,yes,northeast,15006.57945
48,male,35.625,4,no,northeast,10736.87075
51,female,20.6,0,no,southwest,9264.797
19,male,17.48,0,no,northwest,1621.3402
64,male,33.88,0,yes,southeast,46889.2612
19,male,33.1,0,no,southwest,23082.95533
31,female,32.68,1,no,northwest,4738.2682
39,male,29.6,4,no,southwest,7512.267
49,female,36.63,3,no,southeast,10381.4787
27,male,32.67,0,no,southeast,2497.0383
63,male,41.325,3,no,northwest,15555.18875
19,female,32.9,0,no,southwest,1748.774
29,male,34.4,0,yes,southwest,36197.699
56,male,32.11,1,no,northeast,11763.0009
50,female,27.36,0,no,northeast,25656.57526
57,male,42.13,1,yes,southeast,48675.5177
34,female,38,3,no,southwest,6196.448
63,male,30.8,0,no,southwest,13390.559
46,female,19.95,2,no,northwest,9193.8385
31,female,29.1,0,no,southwest,3761.292
59,male,25.46,1,no,northeast,12913.9924
58,female,29,0,no,southwest,11842.442
18,female,39.16,0,no,southeast,1633.0444
47,female,29.37,1,no,southeast,8547.6913
30,male,31.4,1,no,southwest,3659.346
53,male,36.1,1,no,southwest,10085.846
33,male,42.4,5,no,southwest,6666.243
49,female,42.68,2,no,southeast,9800.8882
37,male,46.53,3,no,southeast,6435.6237
30,male,31.57,3,no,southeast,4837.5823
21,female,17.4,1,no,southwest,2585.269
21,male,27.36,0,no,northeast,2104.1134
21,female,34.87,0,no,southeast,2020.5523
18,male,35.2,1,no,southeast,1727.54
51,female,40.66,0,no,northeast,9875.6804
35,male,24.42,3,yes,southeast,19361.9988
45,male,24.035,2,no,northeast,8604.48365
37,female,26.4,0,yes,southeast,19539.243
22,female,34.58,2,no,northeast,3925.7582
61,male,36.1,3,no,southwest,27941.28758
30,male,24.4,3,yes,southwest,18259.216
39,female,41.8,0,no,southeast,5662.225
42,female,26.18,1,no,southeast,7046.7222
46,female,30.8,3,no,southwest,9414.92
45,male,33.7,1,no,southwest,7445.918
63,male,33.1,0,no,southwest,13393.756
21,male,31.1,0,no,southwest,1526.312
37,female,30.78,0,yes,northeast,37270.1512
37,female,47.6,2,yes,southwest,46113.511
50,male,36.2,0,no,southwest,8457.818
22,male,34.8,3,no,southwest,3443.064
64,female,26.885,0,yes,northwest,29330.98315
49,male,22.515,0,no,northeast,8688.85885
22,male,28.31,1,no,northwest,2639.0429
62,female,25,0,no,southwest,13451.122
26,male,46.53,1,no,southeast,2927.0647
18,male,23.21,0,no,southeast,1121.8739
57,male,18.335,0,no,northeast,11534.87265
19,female,39.615,1,no,northwest,2730.10785
50,female,28.16,3,no,southeast,10702.6424
54,male,25.46,1,no,northeast,25517.11363
26,female,19.8,1,no,southwest,3378.91
30,male,22.99,2,yes,northwest,17361.7661
48,female,22.8,0,no,southwest,8269.044
51,male,37,0,no,southwest,8798.593
46,female,23.655,1,yes,northwest,21677.28345
35,female,28.025,0,yes,northwest,20234.85475
44,female,36.955,1,no,northwest,8023.13545
24,male,32.01,0,no,southeast,1981.5819
37,male,37.07,1,yes,southeast,39871.7043
18,male,21.78,2,no,southeast,11884.04858
47,male,36.19,0,yes,southeast,41676.0811
33,female,19.095,2,yes,northeast,16776.30405
54,female,32.3,1,no,northeast,11512.405
23,female,31.4,0,yes,southwest,34166.273
39,female,23.87,5,no,southeast,8582.3023
50,male,37.07,1,no,southeast,9048.0273
18,female,30.305,0,no,northeast,2203.73595
43,female,34.58,1,no,northwest,7727.2532
18,male,27.36,1,yes,northeast,17178.6824
42,female,41.325,1,no,northeast,7650.77375
31,female,32.775,2,no,northwest,5327.40025
37,male,24.32,2,no,northwest,6198.7518
36,male,30.875,1,no,northwest,5373.36425
30,female,21.945,1,no,northeast,4718.20355
52,male,34.485,3,yes,northwest,60021.39897
52,male,41.8,2,yes,southeast,47269.854
24,male,29.83,0,yes,northeast,18648.4217
32,female,20.52,0,no,northeast,4544.2348
26,male,33.915,1,no,northwest,3292.52985
48,female,33.33,0,no,southeast,8283.6807
38,female,19.95,2,no,northeast,7133.9025
45,male,30.36,0,yes,southeast,62592.87309
42,male,26.315,1,no,northwest,6940.90985
31,male,31.065,3,no,northwest,5425.02335
57,female,25.74,2,no,southeast,12629.1656
