vehicle_key,veh_brand,veh_gas,veh_power
1,B1,Diesel,4
2,B1,Diesel,5
3,B1,Diesel,6
4,B1,Diesel,7
5,B1,Diesel,11
6,B1,Regular,4
7,B1,Regular,5
8,B1,Regular,6
9,B1,Regular,7
10,B1,Regular,8
11,B1,Regular,11
12,B10,Diesel,7
13,B10,Diesel,8
14,B10,Diesel,9
15,B10,Diesel,13
16,B10,Regular,9
17,B10,Regular,12
18,B11,Diesel,7
19,B11,Regular,7
20,B11,Regular,8
21,B11,Regular,9
22,B12,Diesel,4
23,B12,Diesel,5
24,B12,Diesel,6
25,B12,Diesel,7
26,B12,Diesel,8
27,B12,Diesel,10
28,B12,Diesel,12
29,B12,Diesel,15
30,B12,Regular,4
31,B12,Regular,5
32,B12,Regular,6
33,B12,Regular,7
34,B12,Regular,8
35,B12,Regular,9
36,B12,Regular,10
37,B12,Regular,11
38,B12,Regular,15
39,B13,Diesel,6
40,B13,Diesel,8
41,B13,Diesel,10
42,B13,Regular,6
43,B13,Regular,9
44,B13,Regular,10
45,B13,Regular,11
46,B2,Diesel,4
47,B2,Diesel,5
48,B2,Diesel,6
49,B2,Diesel,7
50,B2,Diesel,8
51,B2,Diesel,9
52,B2,Regular,4
53,B2,Regular,5
54,B2,Regular,6
55,B2,Regular,7
56,B2,Regular,8
57,B2,Regular,9
58,B2,Regular,11
59,B3,Diesel,5
60,B3,Diesel,6
61,B3,Diesel,7
62,B3,Diesel,10
63,B3,Regular,4
64,B3,Regular,5
65,B3,Regular,6
66,B3,Regular,7
67,B3,Regular,8
68,B3,Regular,9
69,B3,Regular,10
70,B4,Diesel,5
71,B4,Diesel,7
72,B4,Diesel,9
73,B4,Diesel,11
74,B4,Regular,4
75,B4,Regular,5
76,B4,Regular,7
77,B5,Diesel,5
78,B5,Diesel,6
79,B5,Diesel,7
80,B5,Diesel,10
81,B5,Regular,4
82,B5,Regular,5
83,B5,Regular,6
84,B5,Regular,7
85,B5,Regular,8
86,B6,Diesel,6
87,B6,Diesel,7
88,B6,Diesel,8
89,B6,Regular,4
90,B6,Regular,5
91,B6,Regular,6
92,B6,Regular,7
93,B6,Regular,8
94,B6,Regular,13
