policy_id,area_key,fr_region_key,vehicle_key,driver_age_key,claim_nb,claim_nb_raw,exposure,exposure_raw,has_claim,driv_age,veh_age,vehicle_age_band,bonus_malus,bonus_malus_band,density,claims_with_amount,claim_amount_total,is_claim_nb_capped,is_exposure_capped,is_veh_age_outlier,is_driv_age_outlier
2007,4,21,32,7,1,1,0.74,0.74,1,70,0,01: new (0),50,01: 50 (max bonus),721,0,0.0,0,0,0,0
4007,5,1,31,3,1,1,0.11,0.11,1,29,0,01: new (0),100,04: 81-100,2647,0,0.0,0,0,0,0
6007,4,21,31,3,1,1,0.27,0.27,1,30,1,02: 1-2,72,03: 61-80,533,0,0.0,0,0,0,0
10007,4,21,9,3,1,1,0.16,0.16,1,30,10,04: 6-10,60,02: 51-60,776,0,0.0,0,0,0,0
22007,1,5,6,8,1,1,1.0,1.0,1,91,2,02: 1-2,50,01: 50 (max bonus),26,0,0.0,0,0,0,1
24007,1,12,43,4,1,1,1.0,1.0,1,33,6,04: 6-10,75,03: 61-80,40,0,0.0,0,0,0,0
28007,3,5,3,2,0,0,0.96,0.96,0,22,5,03: 3-5,85,04: 81-100,203,0,0.0,0,0,0,0
30007,4,13,9,4,0,0,0.49,0.49,0,40,11,05: 11-15,50,01: 50 (max bonus),747,0,0.0,0,0,0,0
36007,6,1,48,4,0,0,0.02,0.02,0,37,5,03: 3-5,95,04: 81-100,17140,0,0.0,0,0,0,0
44007,2,5,6,5,0,0,1.0,1.0,0,46,12,05: 11-15,51,02: 51-60,56,0,0.0,0,0,0,0
48007,1,14,13,5,0,0,0.92,0.92,0,49,17,06: 16+,50,01: 50 (max bonus),35,0,0.0,0,0,0,0
52007,2,5,14,6,0,0,0.55,0.55,0,54,2,02: 1-2,62,03: 61-80,53,0,0.0,0,0,0,0
56007,3,18,83,5,0,0,1.0,1.0,0,49,6,04: 6-10,50,01: 50 (max bonus),168,0,0.0,0,0,0,0
58007,1,5,90,2,0,0,0.21,0.21,0,24,13,05: 11-15,80,03: 61-80,10,0,0.0,0,0,0,0
60007,3,8,59,5,0,0,0.31,0.31,0,48,2,02: 1-2,50,01: 50 (max bonus),259,0,0.0,0,0,0,0
62007,3,15,85,5,0,0,1.0,1.0,0,50,2,02: 1-2,50,01: 50 (max bonus),303,0,0.0,0,0,0,0
66007,4,20,81,6,0,0,1.0,1.0,0,55,10,04: 6-10,50,01: 50 (max bonus),1622,0,0.0,0,0,0,0
68007,3,18,53,7,0,0,0.52,0.52,0,66,11,05: 11-15,50,01: 50 (max bonus),357,0,0.0,0,0,0,0
72007,4,20,51,6,0,0,1.0,1.0,0,56,15,05: 11-15,50,01: 50 (max bonus),543,0,0.0,0,0,0,0
78007,2,15,65,7,1,1,0.35,0.35,1,63,5,03: 3-5,50,01: 50 (max bonus),57,1,1839.48,0,0,0,0
82007,5,21,71,5,0,0,0.18,0.18,0,46,6,04: 6-10,62,03: 61-80,4762,0,0.0,0,0,0,0
84007,2,12,56,2,0,0,0.00273224043715847,0.00273224043715847,0,22,16,06: 16+,90,04: 81-100,75,0,0.0,0,0,0,0
88007,5,18,88,5,0,0,0.09,0.09,0,50,7,04: 6-10,50,01: 50 (max bonus),3688,0,0.0,0,0,0,0
96007,5,8,60,6,1,1,0.45,0.45,1,51,7,04: 6-10,51,02: 51-60,2039,1,317.36,0,0,0,0
98007,1,5,92,4,0,0,0.19,0.19,0,38,9,04: 6-10,50,01: 50 (max bonus),41,0,0.0,0,0,0,0
100007,4,18,7,5,0,0,0.12,0.12,0,48,5,03: 3-5,72,03: 61-80,1384,0,0.0,0,0,0,0
112007,2,3,60,5,0,0,0.58,0.58,0,41,5,03: 3-5,63,03: 61-80,55,0,0.0,0,0,0,0
126007,4,5,6,5,0,0,1.0,1.0,0,46,13,05: 11-15,50,01: 50 (max bonus),1296,0,0.0,0,0,0,0
132007,3,13,32,7,0,0,1.0,1.0,0,62,7,04: 6-10,50,01: 50 (max bonus),287,0,0.0,0,0,0,0
134007,3,6,3,6,0,0,1.0,1.0,0,55,14,05: 11-15,50,01: 50 (max bonus),251,0,0.0,0,0,0,0
136007,2,15,70,6,0,0,1.0,1.0,0,55,7,04: 6-10,52,02: 51-60,57,0,0.0,0,0,0,0
140007,1,18,59,5,0,0,1.0,1.0,0,43,2,02: 1-2,50,01: 50 (max bonus),38,0,0.0,0,0,0,0
142007,4,13,8,5,0,0,1.0,1.0,0,47,2,02: 1-2,50,01: 50 (max bonus),747,0,0.0,0,0,0,0
146007,4,14,67,5,0,0,1.0,1.0,0,44,8,04: 6-10,50,01: 50 (max bonus),886,0,0.0,0,0,0,0
148007,2,5,52,7,0,0,1.0,1.0,0,68,9,04: 6-10,50,01: 50 (max bonus),91,0,0.0,0,0,0,0
152007,5,18,21,6,0,0,0.81,0.81,0,59,7,04: 6-10,50,01: 50 (max bonus),8455,0,0.0,0,0,0,0
154007,1,5,6,5,0,0,0.98,0.98,0,47,14,05: 11-15,50,01: 50 (max bonus),17,0,0.0,0,0,0,0
156007,4,5,67,4,0,0,0.02,0.02,0,40,8,04: 6-10,50,01: 50 (max bonus),741,0,0.0,0,0,0,0
158007,2,18,69,2,0,0,1.0,1.0,0,24,2,02: 1-2,57,02: 51-60,63,0,0.0,0,0,0,0
160007,5,13,65,4,0,0,1.0,1.0,0,34,6,04: 6-10,60,02: 51-60,3021,0,0.0,0,0,0,0
164007,1,5,60,1,0,0,0.57,0.57,0,19,7,04: 6-10,90,04: 81-100,37,0,0.0,0,0,0,0
170007,1,5,61,4,0,0,0.49,0.49,0,31,2,02: 1-2,75,03: 61-80,10,0,0.0,0,0,0,0
172007,4,5,76,5,0,0,0.94,0.94,0,45,0,01: new (0),50,01: 50 (max bonus),614,0,0.0,0,0,0,0
174007,2,6,10,5,0,0,0.23,0.23,0,46,11,05: 11-15,50,01: 50 (max bonus),93,0,0.0,0,0,0,0
176007,1,5,45,6,0,0,0.07,0.07,0,56,6,04: 6-10,50,01: 50 (max bonus),23,0,0.0,0,0,0,0
1000007,2,3,25,6,0,0,0.67,0.67,0,53,0,01: new (0),50,01: 50 (max bonus),54,0,0.0,0,0,0,0
1008007,3,21,31,6,0,0,0.7,0.7,0,57,1,02: 1-2,50,01: 50 (max bonus),330,0,0.0,0,0,0,0
1012007,4,8,68,3,0,0,0.51,0.51,0,26,10,04: 6-10,118,05: 101+ (malus),1403,0,0.0,0,0,0,0
1014007,5,21,20,7,0,0,0.09,0.09,0,62,0,01: new (0),50,01: 50 (max bonus),4762,0,0.0,0,0,0,0
1016007,5,2,23,4,0,0,0.18,0.18,0,33,1,02: 1-2,51,02: 51-60,3991,0,0.0,0,0,0,0
1018007,1,5,3,5,0,0,0.96,0.96,0,44,9,04: 6-10,50,01: 50 (max bonus),10,0,0.0,0,0,0,0
1020007,1,5,6,6,0,0,1.0,1.0,0,59,15,05: 11-15,50,01: 50 (max bonus),43,0,0.0,0,0,0,0
1026007,1,17,6,4,0,0,1.0,1.0,0,40,2,02: 1-2,50,01: 50 (max bonus),7,0,0.0,0,0,0,0
1032007,3,7,60,3,0,0,0.25,0.25,0,27,8,04: 6-10,72,03: 61-80,214,0,0.0,0,0,0,0
1034007,1,5,3,4,0,0,1.0,1.0,0,33,14,05: 11-15,54,02: 51-60,48,0,0.0,0,0,0,0
1038007,3,5,78,5,0,0,1.0,1.0,0,50,3,03: 3-5,50,01: 50 (max bonus),112,0,0.0,0,0,0,0
1040007,6,1,60,4,0,0,1.0,1.0,0,36,2,02: 1-2,50,01: 50 (max bonus),27000,0,0.0,0,0,0,0
1042007,4,13,49,6,0,0,1.0,1.0,0,52,12,05: 11-15,50,01: 50 (max bonus),644,0,0.0,0,0,0,0
1046007,4,9,34,6,0,0,0.82,0.82,0,60,19,06: 16+,50,01: 50 (max bonus),1601,0,0.0,0,0,0,0
1050007,5,12,3,4,0,0,0.06,0.06,0,37,2,02: 1-2,50,01: 50 (max bonus),4128,0,0.0,0,0,0,0
1054007,1,5,8,7,0,0,1.0,1.0,0,70,7,04: 6-10,50,01: 50 (max bonus),22,0,0.0,0,0,0,0
1064007,5,21,63,6,0,0,0.06,0.06,0,51,0,01: new (0),50,01: 50 (max bonus),3317,0,0.0,0,0,0,0
1070007,1,13,15,5,0,0,1.0,1.0,0,41,18,06: 16+,50,01: 50 (max bonus),23,0,0.0,0,0,0,0
1074007,4,5,57,6,1,1,1.0,1.0,1,52,10,04: 6-10,72,03: 61-80,1313,1,1128.12,0,0,0,0
1076007,3,18,4,7,0,0,1.0,1.0,0,70,12,05: 11-15,50,01: 50 (max bonus),208,0,0.0,0,0,0,0
1080007,2,5,61,3,0,0,0.7,0.7,0,26,1,02: 1-2,64,03: 61-80,51,0,0.0,0,0,0,0
1086007,4,18,27,5,0,0,0.94,0.94,0,43,13,05: 11-15,50,01: 50 (max bonus),972,0,0.0,0,0,0,0
1090007,3,14,77,8,0,0,1.0,1.0,0,71,7,04: 6-10,50,01: 50 (max bonus),270,0,0.0,0,0,0,0
1092007,2,5,49,8,0,0,1.0,1.0,0,75,13,05: 11-15,50,01: 50 (max bonus),50,0,0.0,0,0,0,0
1094007,4,21,84,6,0,0,0.11,0.11,0,60,5,03: 3-5,50,01: 50 (max bonus),674,0,0.0,0,0,0,0
1102007,1,20,52,3,0,0,1.0,1.0,0,29,9,04: 6-10,54,02: 51-60,50,0,0.0,0,0,0,0
1104007,2,5,2,2,0,0,0.72,0.72,0,25,4,03: 3-5,72,03: 61-80,81,0,0.0,0,0,0,0
1106007,3,4,39,6,0,0,1.0,1.0,0,59,7,04: 6-10,50,01: 50 (max bonus),133,0,0.0,0,0,0,0
1108007,2,13,79,4,0,0,0.45,0.45,0,35,12,05: 11-15,51,02: 51-60,54,0,0.0,0,0,0,0
1110007,3,14,89,6,0,0,0.17,0.17,0,57,1,02: 1-2,50,01: 50 (max bonus),233,0,0.0,0,0,0,0
1114007,5,18,32,6,0,0,0.4,0.4,0,60,6,04: 6-10,50,01: 50 (max bonus),2105,0,0.0,0,0,0,0
1116007,2,5,49,4,0,0,0.51,0.51,0,31,0,01: new (0),67,03: 61-80,94,0,0.0,0,0,0,0
1118007,3,13,49,5,0,0,1.0,1.0,0,48,8,04: 6-10,50,01: 50 (max bonus),125,0,0.0,0,0,0,0
1120007,4,8,18,5,0,0,1.0,1.0,0,42,8,04: 6-10,50,01: 50 (max bonus),1466,0,0.0,0,0,0,0
1122007,3,5,48,3,0,0,0.61,0.61,0,29,10,04: 6-10,80,03: 61-80,312,0,0.0,0,0,0,0
1124007,3,13,54,6,0,0,0.03,0.03,0,56,3,03: 3-5,50,01: 50 (max bonus),125,0,0.0,0,0,0,0
1128007,4,13,19,6,0,0,0.35,0.35,0,51,0,01: new (0),50,01: 50 (max bonus),722,0,0.0,0,0,0,0
1130007,1,5,48,4,0,0,0.64,0.64,0,36,4,03: 3-5,50,01: 50 (max bonus),29,0,0.0,0,0,0,0
1138007,4,14,59,6,0,0,0.7,0.7,0,52,12,05: 11-15,50,01: 50 (max bonus),831,0,0.0,0,0,0,0
1144007,1,5,52,7,0,0,0.92,0.92,0,66,12,05: 11-15,50,01: 50 (max bonus),37,0,0.0,0,0,0,0
1150007,1,5,50,6,0,0,1.0,1.0,0,55,21,06: 16+,50,01: 50 (max bonus),29,0,0.0,0,0,0,0
1162007,4,5,47,6,0,0,1.0,1.0,0,59,8,04: 6-10,69,03: 61-80,1313,0,0.0,0,0,0,0
1166007,5,5,46,4,0,0,0.55,0.55,0,37,7,04: 6-10,50,01: 50 (max bonus),4116,0,0.0,0,0,0,0
1168007,5,13,94,4,0,0,0.08,0.08,0,35,6,04: 6-10,125,05: 101+ (malus),3386,0,0.0,0,0,0,0
1178007,2,14,64,6,0,0,0.35,0.35,0,54,3,03: 3-5,50,01: 50 (max bonus),93,0,0.0,0,0,0,0
1180007,3,20,52,6,0,0,1.0,1.0,0,52,5,03: 3-5,50,01: 50 (max bonus),269,0,0.0,0,0,0,0
1182007,2,15,60,4,0,0,0.24,0.24,0,33,7,04: 6-10,72,03: 61-80,57,0,0.0,0,0,0,0
1184007,4,21,92,4,0,0,0.5,0.5,0,35,1,02: 1-2,64,03: 61-80,1326,0,0.0,0,0,0,0
1186007,5,8,91,7,0,0,0.59,0.59,0,63,12,05: 11-15,80,03: 61-80,7313,0,0.0,0,0,0,0
1188007,5,21,47,6,0,0,0.96,0.96,0,52,16,06: 16+,68,03: 61-80,3317,0,0.0,0,0,0,0
1190007,3,16,48,5,0,0,0.36,0.36,0,50,13,05: 11-15,50,01: 50 (max bonus),251,0,0.0,0,0,0,0
1192007,3,5,10,4,0,0,0.29,0.29,0,32,2,02: 1-2,50,01: 50 (max bonus),118,0,0.0,0,0,0,0
1194007,4,20,46,4,0,0,0.08,0.08,0,37,9,04: 6-10,51,02: 51-60,824,0,0.0,0,0,0,0
1196007,4,12,87,5,0,0,0.08,0.08,0,49,5,03: 3-5,50,01: 50 (max bonus),851,0,0.0,0,0,0,0
1198007,4,8,48,4,0,0,0.51,0.51,0,38,7,04: 6-10,60,02: 51-60,1229,0,0.0,0,0,0,0
2000007,3,18,33,6,0,0,0.96,0.96,0,53,2,02: 1-2,50,01: 50 (max bonus),161,0,0.0,0,0,0,0
2002007,4,9,30,5,0,0,0.8,0.8,0,44,2,02: 1-2,85,04: 81-100,573,0,0.0,0,0,0,0
2006007,4,7,23,6,0,0,0.61,0.61,0,57,4,03: 3-5,50,01: 50 (max bonus),966,0,0.0,0,0,0,0
2010007,3,21,31,7,0,0,0.95,0.95,0,64,2,02: 1-2,50,01: 50 (max bonus),164,0,0.0,0,0,0,0
2016007,3,21,25,5,0,0,0.45,0.45,0,44,1,02: 1-2,50,01: 50 (max bonus),146,0,0.0,0,0,0,0
2026007,5,1,33,4,0,0,0.07,0.07,0,33,0,01: new (0),76,03: 61-80,3545,0,0.0,0,0,0,0
2036007,5,1,24,2,0,0,0.08,0.08,0,23,0,01: new (0),118,05: 101+ (malus),5877,0,0.0,0,0,0,0
2040007,4,8,24,5,0,0,0.15,0.15,0,47,0,01: new (0),50,01: 50 (max bonus),962,0,0.0,0,0,0,0
2046007,4,10,5,5,0,0,0.74,0.74,0,49,8,04: 6-10,50,01: 50 (max bonus),1072,0,0.0,0,0,0,0
2048007,3,5,49,7,0,0,1.0,1.0,0,61,6,04: 6-10,50,01: 50 (max bonus),155,0,0.0,0,0,0,0
2050007,3,5,3,5,0,0,0.25,0.25,0,42,9,04: 6-10,50,01: 50 (max bonus),308,0,0.0,0,0,0,0
2052007,1,5,4,4,0,0,1.0,1.0,0,40,5,03: 3-5,50,01: 50 (max bonus),44,0,0.0,0,0,0,0
2054007,2,5,41,5,0,0,1.0,1.0,0,45,13,05: 11-15,50,01: 50 (max bonus),60,0,0.0,0,0,0,0
2056007,4,14,88,6,0,0,1.0,1.0,0,54,15,05: 11-15,50,01: 50 (max bonus),1974,0,0.0,0,0,0,0
2058007,6,1,59,3,0,0,0.54,0.54,0,30,4,03: 3-5,60,02: 51-60,22669,0,0.0,0,0,0,0
2072007,3,5,14,4,0,0,1.0,1.0,0,40,17,06: 16+,50,01: 50 (max bonus),109,0,0.0,0,0,0,0
2076007,5,21,88,7,0,0,1.0,1.0,0,64,2,02: 1-2,50,01: 50 (max bonus),3317,0,0.0,0,0,0,0
2078007,3,21,72,5,0,0,1.0,1.0,0,50,2,02: 1-2,50,01: 50 (max bonus),146,0,0.0,0,0,0,0
2084007,4,8,70,4,0,0,0.74,0.74,0,34,2,02: 1-2,64,03: 61-80,1466,0,0.0,0,0,0,0
2086007,4,5,53,8,0,0,1.0,1.0,0,79,3,03: 3-5,50,01: 50 (max bonus),1054,0,0.0,0,0,0,0
2088007,4,12,81,4,0,0,0.48,0.48,0,37,14,05: 11-15,54,02: 51-60,1408,0,0.0,0,0,0,0
2090007,3,18,3,5,0,0,1.0,1.0,0,42,11,05: 11-15,51,02: 51-60,240,0,0.0,0,0,0,0
2092007,2,7,55,6,2,2,1.0,1.0,1,55,2,02: 1-2,62,03: 61-80,84,2,4725.16,0,0,0,0
2094007,5,12,86,3,0,0,0.32,0.32,0,27,5,03: 3-5,68,03: 61-80,4128,0,0.0,0,0,0,0
2096007,1,5,90,5,0,0,1.0,1.0,0,41,15,05: 11-15,50,01: 50 (max bonus),38,0,0.0,0,0,0,0
2098007,1,5,81,5,0,0,0.82,0.82,0,45,16,06: 16+,61,03: 61-80,27,0,0.0,0,0,0,0
2100007,1,5,53,6,0,0,1.0,1.0,0,57,6,04: 6-10,50,01: 50 (max bonus),10,0,0.0,0,0,0,0
2108007,3,14,48,4,0,0,0.15,0.15,0,35,12,05: 11-15,50,01: 50 (max bonus),298,0,0.0,0,0,0,0
2110007,2,5,79,5,0,0,0.25,0.25,0,46,13,05: 11-15,50,01: 50 (max bonus),59,0,0.0,0,0,0,0
2112007,4,5,3,4,0,0,0.8,0.8,0,34,13,05: 11-15,64,03: 61-80,741,0,0.0,0,0,0,0
2116007,4,18,7,5,0,0,1.0,1.0,0,49,4,03: 3-5,52,02: 51-60,1228,0,0.0,0,0,0,0
2120007,4,12,60,4,0,0,0.15,0.15,0,39,4,03: 3-5,76,03: 61-80,1408,0,0.0,0,0,0,0
2122007,5,18,48,4,0,0,1.0,1.0,0,31,4,03: 3-5,50,01: 50 (max bonus),9307,0,0.0,0,0,0,0
2130007,5,15,49,6,0,0,1.0,1.0,0,55,10,04: 6-10,51,02: 51-60,4348,0,0.0,0,0,0,0
2132007,5,18,8,3,0,0,0.01,0.01,0,28,7,04: 6-10,60,02: 51-60,2415,0,0.0,0,0,0,0
2134007,2,14,56,3,0,0,0.04,0.04,0,26,17,06: 16+,100,04: 81-100,85,0,0.0,0,0,0,0
2136007,1,5,32,6,0,0,0.33,0.33,0,57,4,03: 3-5,50,01: 50 (max bonus),44,0,0.0,0,0,0,0
2138007,2,19,60,4,0,0,0.25,0.25,0,36,9,04: 6-10,85,04: 81-100,94,0,0.0,0,0,0,0
2140007,3,18,47,6,0,0,0.55,0.55,0,57,0,01: new (0),50,01: 50 (max bonus),103,0,0.0,0,0,0,0
2150007,3,18,57,1,0,0,0.14,0.14,0,19,14,05: 11-15,100,04: 81-100,161,0,0.0,0,0,0,0
2152007,3,13,57,2,0,0,0.44,0.44,0,21,0,01: new (0),90,04: 81-100,473,0,0.0,0,0,0,0
2164007,3,5,16,6,0,0,0.24,0.24,0,58,2,02: 1-2,99,04: 81-100,307,0,0.0,0,0,0,0
2166007,4,5,60,2,0,0,0.03,0.03,0,24,10,04: 6-10,85,04: 81-100,1054,0,0.0,0,0,0,0
2184007,1,5,73,5,0,0,0.15,0.15,0,41,3,03: 3-5,50,01: 50 (max bonus),45,0,0.0,0,0,0,0
2188007,3,7,93,6,0,0,0.21,0.21,0,56,3,03: 3-5,50,01: 50 (max bonus),214,0,0.0,0,0,0,0
2192007,4,12,6,5,0,0,0.06,0.06,0,49,3,03: 3-5,50,01: 50 (max bonus),1408,0,0.0,0,0,0,0
2196007,4,14,83,4,0,0,1.0,1.0,0,32,14,05: 11-15,71,03: 61-80,881,0,0.0,0,0,0,0
2204007,3,5,7,5,0,0,1.0,1.0,0,44,14,05: 11-15,50,01: 50 (max bonus),188,0,0.0,0,0,0,0
2206007,2,5,74,7,0,0,1.0,1.0,0,63,3,03: 3-5,50,01: 50 (max bonus),77,0,0.0,0,0,0,0
2214007,3,8,27,5,0,0,0.08,0.08,0,41,4,03: 3-5,50,01: 50 (max bonus),230,0,0.0,0,0,0,0
2216007,3,21,46,5,0,0,0.6,0.6,0,43,8,04: 6-10,75,03: 61-80,107,0,0.0,0,0,0,0
2218007,3,15,86,4,0,0,0.08,0.08,0,39,11,05: 11-15,50,01: 50 (max bonus),413,0,0.0,0,0,0,0
2220007,5,21,47,5,0,0,0.08,0.08,0,41,3,03: 3-5,72,03: 61-80,3744,0,0.0,0,0,0,0
2222007,3,18,57,3,0,0,0.47,0.47,0,28,10,04: 6-10,60,02: 51-60,330,0,0.0,0,0,0,0
2224007,5,21,8,4,0,0,0.08,0.08,0,39,0,01: new (0),50,01: 50 (max bonus),3317,0,0.0,0,0,0,0
2226007,4,21,34,3,0,0,0.24,0.24,0,28,5,03: 3-5,72,03: 61-80,1403,0,0.0,0,0,0,0
2228007,4,20,49,4,0,0,0.08,0.08,0,38,0,01: new (0),50,01: 50 (max bonus),824,0,0.0,0,0,0,0
2230007,3,21,55,4,0,0,0.94,0.94,0,32,0,01: new (0),57,02: 51-60,342,0,0.0,0,0,0,0
2256007,4,21,3,6,0,0,0.49,0.49,0,52,10,04: 6-10,50,01: 50 (max bonus),572,0,0.0,0,0,0,0
2258007,1,21,3,4,0,0,1.0,1.0,0,31,13,05: 11-15,67,03: 61-80,12,0,0.0,0,0,0,0
2260007,4,1,8,4,0,0,0.99,0.99,0,32,6,04: 6-10,56,02: 51-60,1451,0,0.0,0,0,0,0
2262007,4,18,1,7,0,0,0.08,0.08,0,62,14,05: 11-15,50,01: 50 (max bonus),1381,0,0.0,0,0,0,0
2264007,4,20,47,3,0,0,1.0,1.0,0,28,3,03: 3-5,68,03: 61-80,824,0,0.0,0,0,0,0
2266007,3,21,75,1,0,0,0.08,0.08,0,19,7,04: 6-10,100,04: 81-100,245,0,0.0,0,0,0,0
2268007,3,20,3,6,0,0,0.88,0.88,0,53,10,04: 6-10,50,01: 50 (max bonus),269,0,0.0,0,0,0,0
2270007,4,21,80,5,0,0,0.08,0.08,0,43,13,05: 11-15,50,01: 50 (max bonus),1326,0,0.0,0,0,0,0
2272007,5,1,4,5,0,0,0.5,0.5,0,48,9,04: 6-10,57,02: 51-60,6736,0,0.0,0,0,0,0
2274007,4,12,47,5,1,1,0.08,0.08,1,48,2,02: 1-2,50,01: 50 (max bonus),983,1,786.4,0,0,0,0
2276007,2,18,89,5,0,0,0.5,0.5,0,41,16,06: 16+,50,01: 50 (max bonus),62,0,0.0,0,0,0,0
2278007,4,8,8,5,0,0,0.26,0.26,0,45,10,04: 6-10,50,01: 50 (max bonus),542,0,0.0,0,0,0,0
2280007,1,4,47,5,0,0,0.08,0.08,0,46,13,05: 11-15,50,01: 50 (max bonus),42,0,0.0,0,0,0,0
2282007,3,5,44,5,0,0,0.73,0.73,0,46,18,06: 16+,50,01: 50 (max bonus),239,0,0.0,0,0,0,0
2284007,1,21,4,5,0,0,0.08,0.08,0,41,8,04: 6-10,54,02: 51-60,24,0,0.0,0,0,0,0
2286007,4,8,60,7,0,0,0.58,0.58,0,62,1,02: 1-2,50,01: 50 (max bonus),902,0,0.0,0,0,0,0
2288007,5,21,21,4,0,0,0.08,0.08,0,37,9,04: 6-10,72,03: 61-80,2446,0,0.0,0,0,0,0
3004007,4,18,33,7,0,0,0.63,0.63,0,62,3,03: 3-5,50,01: 50 (max bonus),1557,0,0.0,0,0,0,0
3008007,3,8,36,5,0,0,0.21,0.21,0,50,3,03: 3-5,50,01: 50 (max bonus),118,0,0.0,0,0,0,0
3012007,3,3,25,6,0,0,0.03,0.03,0,52,2,02: 1-2,50,01: 50 (max bonus),409,0,0.0,0,0,0,0
3014007,3,18,31,4,0,0,0.41,0.41,0,39,2,02: 1-2,52,02: 51-60,357,0,0.0,0,0,0,0
3018007,1,9,36,6,0,0,0.38,0.38,0,54,2,02: 1-2,50,01: 50 (max bonus),22,0,0.0,0,0,0,0
3020007,4,1,80,5,0,0,0.87,0.87,0,46,10,04: 6-10,56,02: 51-60,1609,0,0.0,0,0,0,0
3022007,3,20,8,6,0,0,0.04,0.04,0,53,2,02: 1-2,50,01: 50 (max bonus),107,0,0.0,0,0,0,0
3024007,5,18,22,8,0,0,0.87,0.87,0,72,1,02: 1-2,50,01: 50 (max bonus),3103,0,0.0,0,0,0,0
3028007,3,21,36,4,0,0,0.63,0.63,0,31,1,02: 1-2,52,02: 51-60,388,0,0.0,0,0,0,0
3030007,5,16,64,1,1,1,0.61,0.61,1,19,4,03: 3-5,95,04: 81-100,3301,1,1204.0,0,0,0,0
3032007,3,20,30,6,0,0,0.4,0.4,0,52,0,01: new (0),50,01: 50 (max bonus),333,0,0.0,0,0,0,0
3034007,1,15,25,4,0,0,0.08,0.08,0,35,10,04: 6-10,50,01: 50 (max bonus),38,0,0.0,0,0,0,0
3038007,3,12,35,5,0,0,0.36,0.36,0,46,3,03: 3-5,50,01: 50 (max bonus),220,0,0.0,0,0,0,0
3042007,1,2,26,5,0,0,0.9,0.9,0,42,1,02: 1-2,50,01: 50 (max bonus),6,0,0.0,0,0,0,0
3044007,4,12,32,6,0,0,0.03,0.03,0,58,1,02: 1-2,50,01: 50 (max bonus),603,0,0.0,0,0,0,0
3060007,4,9,48,8,0,0,1.0,1.0,0,74,6,04: 6-10,62,03: 61-80,776,0,0.0,0,0,0,0
3062007,3,20,4,5,0,0,0.24,0.24,0,44,2,02: 1-2,60,02: 51-60,495,0,0.0,0,0,0,0
3064007,4,5,3,2,0,0,0.38,0.38,0,24,12,05: 11-15,100,04: 81-100,1314,0,0.0,0,0,0,0
3066007,1,5,59,5,0,0,1.0,1.0,0,48,4,03: 3-5,55,02: 51-60,25,0,0.0,0,0,0,0
3068007,3,12,11,6,0,0,0.47,0.47,0,51,10,04: 6-10,51,02: 51-60,400,0,0.0,0,0,0,0
3070007,2,5,55,5,0,0,0.37,0.37,0,49,12,05: 11-15,57,02: 51-60,91,0,0.0,0,0,0,0
3074007,1,15,70,5,0,0,1.0,1.0,0,50,21,06: 16+,50,01: 50 (max bonus),12,0,0.0,0,0,0,0
3080007,3,17,79,6,0,0,1.0,1.0,0,51,10,04: 6-10,50,01: 50 (max bonus),243,0,0.0,0,0,0,0
3082007,2,5,47,2,0,0,0.36,0.36,0,23,4,03: 3-5,85,04: 81-100,86,0,0.0,0,0,0,0
3102007,4,15,89,8,0,0,1.0,1.0,0,78,3,03: 3-5,50,01: 50 (max bonus),1516,0,0.0,0,0,0,0
3104007,4,18,3,6,0,0,0.22,0.22,0,53,1,02: 1-2,50,01: 50 (max bonus),745,0,0.0,0,0,0,0
3106007,3,5,30,5,0,0,0.24,0.24,0,46,6,04: 6-10,51,02: 51-60,146,0,0.0,0,0,0,0
3114007,3,5,58,6,0,0,0.08,0.08,0,53,13,05: 11-15,50,01: 50 (max bonus),105,0,0.0,0,0,0,0
3118007,1,5,54,3,0,0,0.33,0.33,0,27,10,04: 6-10,100,04: 81-100,30,0,0.0,0,0,0,0
3124007,3,21,35,6,0,0,0.36,0.36,0,55,1,02: 1-2,50,01: 50 (max bonus),448,0,0.0,0,0,0,0
3126007,4,14,3,6,0,0,1.0,1.0,0,56,11,05: 11-15,60,02: 51-60,657,0,0.0,0,0,0,0
3128007,5,21,17,6,0,0,1.0,1.0,0,52,5,03: 3-5,50,01: 50 (max bonus),3744,0,0.0,0,0,0,0
3142007,5,14,3,5,0,0,0.83,0.83,0,45,11,05: 11-15,50,01: 50 (max bonus),2694,0,0.0,0,0,0,0
3144007,4,14,83,6,0,0,0.42,0.42,0,52,24,06: 16+,50,01: 50 (max bonus),1974,0,0.0,0,0,0,0
3146007,3,5,52,5,0,0,0.24,0.24,0,44,15,05: 11-15,50,01: 50 (max bonus),133,0,0.0,0,0,0,0
3148007,4,12,77,5,0,0,0.3,0.3,0,43,1,02: 1-2,62,03: 61-80,1408,0,0.0,0,0,0,0
3154007,1,5,66,4,0,0,0.25,0.25,0,36,14,05: 11-15,95,04: 81-100,35,0,0.0,0,0,0,0
3156007,3,18,35,4,0,0,0.17,0.17,0,33,3,03: 3-5,67,03: 61-80,242,0,0.0,0,0,0,0
3158007,4,15,50,4,0,0,0.63,0.63,0,34,20,06: 16+,90,04: 81-100,1445,0,0.0,0,0,0,0
3160007,3,13,81,5,0,0,0.32,0.32,0,47,20,06: 16+,51,02: 51-60,229,0,0.0,0,0,0,0
3162007,3,5,59,4,0,0,1.0,1.0,0,33,4,03: 3-5,72,03: 61-80,124,0,0.0,0,0,0,0
3168007,3,5,12,4,0,0,0.54,0.54,0,33,6,04: 6-10,59,02: 51-60,101,0,0.0,0,0,0,0
3170007,5,15,61,3,0,0,0.15,0.15,0,30,6,04: 6-10,72,03: 61-80,3857,0,0.0,0,0,0,0
3172007,5,21,65,3,0,0,0.16,0.16,0,29,17,06: 16+,100,04: 81-100,2733,0,0.0,0,0,0,0
3174007,5,5,40,6,0,0,0.3,0.3,0,58,0,01: new (0),50,01: 50 (max bonus),4116,0,0.0,0,0,0,0
3176007,5,5,42,8,0,0,0.13,0.13,0,73,15,05: 11-15,96,04: 81-100,4116,0,0.0,0,0,0,0
3178007,3,13,3,8,0,0,1.0,1.0,0,71,9,04: 6-10,50,01: 50 (max bonus),116,0,0.0,0,0,0,0
3180007,3,5,7,6,0,0,1.0,1.0,0,55,10,04: 6-10,50,01: 50 (max bonus),295,0,0.0,0,0,0,0
3182007,3,5,49,7,0,0,1.0,1.0,0,62,17,06: 16+,50,01: 50 (max bonus),239,0,0.0,0,0,0,0
3186007,3,5,74,6,0,0,1.0,1.0,0,55,14,05: 11-15,50,01: 50 (max bonus),130,0,0.0,0,0,0,0
3190007,5,18,2,5,0,0,1.0,1.0,0,44,16,06: 16+,54,02: 51-60,8455,0,0.0,0,0,0,0
3194007,5,12,47,5,0,0,1.0,1.0,0,48,3,03: 3-5,58,02: 51-60,4128,0,0.0,0,0,0,0
3198007,1,5,14,5,0,0,0.81,0.81,0,46,16,06: 16+,50,01: 50 (max bonus),8,0,0.0,0,0,0,0
3200007,3,7,65,5,0,0,0.74,0.74,0,41,8,04: 6-10,50,01: 50 (max bonus),233,0,0.0,0,0,0,0
3202007,1,5,3,6,0,0,1.0,1.0,0,54,5,03: 3-5,95,04: 81-100,16,0,0.0,0,0,0,0
3208007,5,12,36,4,0,0,1.0,1.0,0,35,5,03: 3-5,50,01: 50 (max bonus),2767,0,0.0,0,0,0,0
3210007,3,13,52,7,0,0,0.52,0.52,0,65,9,04: 6-10,50,01: 50 (max bonus),261,0,0.0,0,0,0,0
3212007,4,1,62,6,0,0,0.25,0.25,0,52,1,02: 1-2,50,01: 50 (max bonus),1329,0,0.0,0,0,0,0
3232007,3,18,6,5,0,0,0.24,0.24,0,50,6,04: 6-10,50,01: 50 (max bonus),113,0,0.0,0,0,0,0
3234007,4,21,84,5,0,0,0.24,0.24,0,46,20,06: 16+,50,01: 50 (max bonus),528,0,0.0,0,0,0,0
3236007,5,18,53,4,0,0,0.08,0.08,0,39,2,02: 1-2,76,03: 61-80,9307,0,0.0,0,0,0,0
3238007,3,20,3,4,0,0,0.08,0.08,0,34,9,04: 6-10,65,03: 61-80,221,0,0.0,0,0,0,0
3240007,2,18,40,5,0,0,0.16,0.16,0,42,5,03: 3-5,50,01: 50 (max bonus),84,0,0.0,0,0,0,0
3242007,3,20,47,4,0,0,0.07,0.07,0,35,1,02: 1-2,50,01: 50 (max bonus),221,0,0.0,0,0,0,0
3244007,5,12,89,4,0,0,0.07,0.07,0,35,4,03: 3-5,54,02: 51-60,2163,0,0.0,0,0,0,0
3246007,3,16,60,3,0,0,0.07,0.07,0,28,4,03: 3-5,64,03: 61-80,216,0,0.0,0,0,0,0
3248007,5,12,66,2,0,0,0.17,0.17,0,25,4,03: 3-5,95,04: 81-100,4128,0,0.0,0,0,0,0
3250007,1,20,72,5,0,0,0.08,0.08,0,48,11,05: 11-15,50,01: 50 (max bonus),31,0,0.0,0,0,0,0
3252007,4,20,60,5,0,0,0.08,0.08,0,50,3,03: 3-5,95,04: 81-100,824,0,0.0,0,0,0,0
3254007,5,1,1,6,0,0,0.06,0.06,0,60,0,01: new (0),60,02: 51-60,6736,0,0.0,0,0,0,0
4000007,5,21,36,7,2,2,0.96,0.96,1,65,4,03: 3-5,76,03: 61-80,5433,2,1760.14,0,0,0,0
4002007,3,20,3,8,0,0,0.79,0.79,0,72,3,03: 3-5,50,01: 50 (max bonus),146,0,0.0,0,0,0,0
4004007,4,20,31,6,0,0,0.47,0.47,0,56,4,03: 3-5,50,01: 50 (max bonus),1541,0,0.0,0,0,0,0
4008007,2,21,76,4,0,0,0.12,0.12,0,36,15,05: 11-15,80,03: 61-80,95,0,0.0,0,0,0,0
4010007,4,8,6,4,0,0,0.12,0.12,0,31,15,05: 11-15,80,03: 61-80,902,0,0.0,0,0,0,0
4012007,5,1,30,5,0,0,0.01,0.01,0,46,1,02: 1-2,50,01: 50 (max bonus),2190,0,0.0,0,0,0,0
4016007,1,16,30,7,0,0,0.46,0.46,0,62,3,03: 3-5,50,01: 50 (max bonus),14,0,0.0,0,0,0,0
4022007,4,1,35,5,0,0,0.79,0.79,0,43,2,02: 1-2,50,01: 50 (max bonus),688,0,0.0,0,0,0,0
4024007,4,8,48,3,0,0,0.17,0.17,0,28,4,03: 3-5,106,05: 101+ (malus),646,0,0.0,0,0,0,0
4030007,4,9,22,5,0,0,0.42,0.42,0,46,1,02: 1-2,50,01: 50 (max bonus),912,0,0.0,0,0,0,0
4032007,3,18,24,4,0,0,0.49,0.49,0,34,2,02: 1-2,71,03: 61-80,118,0,0.0,0,0,0,0
4036007,3,18,36,7,0,0,0.35,0.35,0,62,1,02: 1-2,50,01: 50 (max bonus),125,0,0.0,0,0,0,0
4040007,1,21,26,6,0,0,0.18,0.18,0,59,1,02: 1-2,50,01: 50 (max bonus),7,0,0.0,0,0,0,0
4044007,1,7,6,3,0,0,0.99,0.99,0,29,15,05: 11-15,85,04: 81-100,40,0,0.0,0,0,0,0
4050007,4,20,26,6,0,0,0.54,0.54,0,52,0,01: new (0),50,01: 50 (max bonus),824,0,0.0,0,0,0,0
4058007,2,1,23,8,0,0,0.02,0.02,0,75,0,01: new (0),50,01: 50 (max bonus),61,0,0.0,0,0,0,0
4060007,5,1,25,4,0,0,0.42,0.42,0,33,0,01: new (0),60,02: 51-60,5304,0,0.0,0,0,0,0
4064007,1,17,31,7,0,0,0.14,0.14,0,65,0,01: new (0),50,01: 50 (max bonus),14,0,0.0,0,0,0,0
4076007,5,1,32,6,0,0,0.12,0.12,0,53,3,03: 3-5,50,01: 50 (max bonus),2311,0,0.0,0,0,0,0
4082007,3,22,48,4,0,0,0.79,0.79,0,40,9,04: 6-10,50,01: 50 (max bonus),225,0,0.0,0,0,0,0
4116007,1,5,48,5,0,0,0.49,0.49,0,44,9,04: 6-10,50,01: 50 (max bonus),10,0,0.0,0,0,0,0
4118007,3,7,48,3,0,0,0.74,0.74,0,27,8,04: 6-10,72,03: 61-80,214,0,0.0,0,0,0,0
4120007,2,13,9,6,0,0,1.0,1.0,0,54,6,04: 6-10,50,01: 50 (max bonus),94,0,0.0,0,0,0,0
4122007,3,5,61,4,0,0,1.0,1.0,0,39,4,03: 3-5,58,02: 51-60,369,0,0.0,0,0,0,0
4124007,2,21,82,6,0,0,1.0,1.0,0,58,10,04: 6-10,50,01: 50 (max bonus),85,0,0.0,0,0,0,0
4126007,2,5,57,6,0,0,1.0,1.0,0,51,3,03: 3-5,50,01: 50 (max bonus),83,0,0.0,0,0,0,0
4128007,1,5,89,7,0,0,0.18,0.18,0,64,8,04: 6-10,50,01: 50 (max bonus),48,0,0.0,0,0,0,0
4130007,3,13,47,6,0,0,1.0,1.0,0,51,3,03: 3-5,50,01: 50 (max bonus),431,0,0.0,0,0,0,0
4132007,5,18,9,5,0,0,1.0,1.0,0,46,13,05: 11-15,50,01: 50 (max bonus),2051,0,0.0,0,0,0,0
4134007,4,14,81,6,0,0,1.0,1.0,0,53,13,05: 11-15,50,01: 50 (max bonus),886,0,0.0,0,0,0,0
4136007,2,1,49,4,0,0,1.0,1.0,0,39,4,03: 3-5,50,01: 50 (max bonus),93,0,0.0,0,0,0,0
4138007,3,5,86,6,0,0,1.0,1.0,0,51,9,04: 6-10,50,01: 50 (max bonus),286,0,0.0,0,0,0,0
4140007,1,5,84,4,0,0,0.32,0.32,0,31,5,03: 3-5,57,02: 51-60,9,0,0.0,0,0,0,0
4142007,5,1,75,3,0,0,1.0,1.0,0,30,4,03: 3-5,57,02: 51-60,9096,0,0.0,0,0,0,0
4144007,1,5,9,2,0,0,0.63,0.63,0,21,15,05: 11-15,89,04: 81-100,18,0,0.0,0,0,0,0
4146007,3,15,19,6,0,0,1.0,1.0,0,55,12,05: 11-15,50,01: 50 (max bonus),223,0,0.0,0,0,0,0
4148007,5,1,90,4,0,0,1.0,1.0,0,31,11,05: 11-15,76,03: 61-80,3055,0,0.0,0,0,0,0
4150007,3,13,64,3,0,0,0.22,0.22,0,26,5,03: 3-5,72,03: 61-80,366,0,0.0,0,0,0,0
4152007,3,5,6,4,0,0,1.0,1.0,0,34,24,06: 16+,50,01: 50 (max bonus),295,0,0.0,0,0,0,0
4154007,3,21,50,5,0,0,1.0,1.0,0,44,2,02: 1-2,50,01: 50 (max bonus),388,0,0.0,0,0,0,0
4156007,4,18,7,6,0,0,0.84,0.84,0,53,1,02: 1-2,50,01: 50 (max bonus),653,0,0.0,0,0,0,0
4158007,4,20,6,5,0,0,0.66,0.66,0,44,13,05: 11-15,50,01: 50 (max bonus),625,0,0.0,0,0,0,0
4160007,1,19,52,5,0,0,0.28,0.28,0,47,12,05: 11-15,50,01: 50 (max bonus),17,0,0.0,0,0,0,0
4162007,5,8,9,2,0,0,0.7,0.7,0,25,16,06: 16+,100,04: 81-100,7259,0,0.0,0,0,0,0
4164007,5,21,3,5,0,0,0.41,0.41,0,46,8,04: 6-10,95,04: 81-100,2733,0,0.0,0,0,0,0
4166007,3,6,55,4,0,0,0.55,0.55,0,36,15,05: 11-15,57,02: 51-60,276,0,0.0,0,0,0,0
4168007,5,5,84,4,0,0,0.22,0.22,0,34,9,04: 6-10,100,04: 81-100,3368,0,0.0,0,0,0,0
4170007,4,5,48,3,0,0,0.45,0.45,0,28,12,05: 11-15,76,03: 61-80,856,0,0.0,0,0,0,0
4172007,3,18,3,8,0,0,1.0,1.0,0,78,5,03: 3-5,50,01: 50 (max bonus),272,0,0.0,0,0,0,0
4174007,4,13,6,5,0,0,0.56,0.56,0,45,22,06: 16+,50,01: 50 (max bonus),634,0,0.0,0,0,0,0
4176007,6,1,10,5,0,0,1.0,1.0,0,47,13,05: 11-15,50,01: 50 (max bonus),12374,0,0.0,0,0,0,0
4178007,1,5,3,6,0,0,1.0,1.0,0,53,12,05: 11-15,50,01: 50 (max bonus),9,0,0.0,0,0,0,0
4180007,4,20,7,6,0,0,0.69,0.69,0,56,8,04: 6-10,50,01: 50 (max bonus),675,0,0.0,0,0,0,0
4182007,2,5,67,5,0,0,0.1,0.1,0,41,16,06: 16+,90,04: 81-100,57,0,0.0,0,0,0,0
4184007,1,7,33,2,0,0,0.23,0.23,0,21,10,04: 6-10,100,04: 81-100,38,0,0.0,0,0,0,0
4186007,5,5,92,6,0,0,1.0,1.0,0,51,10,04: 6-10,50,01: 50 (max bonus),4116,0,0.0,0,0,0,0
4188007,5,18,65,6,0,0,0.46,0.46,0,58,2,02: 1-2,62,03: 61-80,2472,0,0.0,0,0,0,0
5014007,3,15,30,8,0,0,0.36,0.36,0,76,2,02: 1-2,50,01: 50 (max bonus),278,0,0.0,0,0,0,0
5018007,3,12,25,3,0,0,0.01,0.01,0,28,4,03: 3-5,52,02: 51-60,104,0,0.0,0,0,0,0
5042007,1,11,28,5,0,0,0.9,0.9,0,44,2,02: 1-2,50,01: 50 (max bonus),17,0,0.0,0,0,0,0
5046007,5,1,25,5,0,0,0.24,0.24,0,49,4,03: 3-5,67,03: 61-80,4301,0,0.0,0,0,0,0
5052007,4,8,22,4,0,0,0.26,0.26,0,34,1,02: 1-2,95,04: 81-100,853,0,0.0,0,0,0,0
5056007,1,7,26,8,0,0,0.43,0.43,0,72,1,02: 1-2,50,01: 50 (max bonus),15,0,0.0,0,0,0,0
5070007,3,20,60,5,0,0,0.43,0.43,0,45,4,03: 3-5,50,01: 50 (max bonus),171,0,0.0,0,0,0,0
5074007,3,1,3,5,0,0,0.87,0.87,0,46,15,05: 11-15,100,04: 81-100,254,0,0.0,0,0,0,0
5084007,1,21,23,6,0,0,0.2,0.2,0,56,3,03: 3-5,50,01: 50 (max bonus),14,0,0.0,0,0,0,0
5088007,3,21,25,5,0,0,0.08,0.08,0,43,0,01: new (0),57,02: 51-60,215,0,0.0,0,0,0,0
5092007,4,20,30,2,1,1,0.65,0.65,1,25,0,01: new (0),118,05: 101+ (malus),824,1,56.8,0,0,0,0
5094007,5,1,25,4,0,0,0.06,0.06,0,36,0,01: new (0),62,03: 61-80,5376,0,0.0,0,0,0,0
5104007,5,21,32,4,0,0,0.29,0.29,0,31,0,01: new (0),57,02: 51-60,4762,0,0.0,0,0,0,0
5110007,4,8,25,4,0,0,0.00547945205479452,0.00547945205479452,0,35,0,01: new (0),53,02: 51-60,1451,0,0.0,0,0,0,0
6006007,4,15,34,4,0,0,0.61,0.61,0,40,15,05: 11-15,50,01: 50 (max bonus),1882,0,0.0,0,0,0,0
6020007,5,14,22,6,0,0,0.03,0.03,0,52,3,03: 3-5,50,01: 50 (max bonus),2694,0,0.0,0,0,0,0
6026007,4,22,37,3,0,0,0.29,0.29,0,28,9,04: 6-10,68,03: 61-80,1955,0,0.0,0,0,0,0
6028007,5,8,23,4,0,0,0.19,0.19,0,37,3,03: 3-5,52,02: 51-60,7313,0,0.0,0,0,0,0
6034007,4,1,31,6,0,0,0.18,0.18,0,58,3,03: 3-5,50,01: 50 (max bonus),1510,0,0.0,0,0,0,0
6038007,1,16,5,5,0,0,0.73,0.73,0,45,7,04: 6-10,50,01: 50 (max bonus),16,0,0.0,0,0,0,0
6048007,3,15,59,8,0,0,0.24,0.24,0,71,6,04: 6-10,50,01: 50 (max bonus),125,0,0.0,0,0,0,0
6054007,6,1,29,5,0,0,0.21,0.21,0,45,2,02: 1-2,66,03: 61-80,27000,0,0.0,0,0,0,0
6062007,4,21,24,5,0,0,0.68,0.68,0,41,3,03: 3-5,71,03: 61-80,609,0,0.0,0,0,0,0
6066007,4,20,28,5,0,0,0.55,0.55,0,45,2,02: 1-2,50,01: 50 (max bonus),824,0,0.0,0,0,0,0
6068007,1,20,23,4,0,0,0.74,0.74,0,34,4,03: 3-5,51,02: 51-60,27,0,0.0,0,0,0,0
6072007,3,21,29,5,0,0,0.12,0.12,0,46,4,03: 3-5,50,01: 50 (max bonus),388,0,0.0,0,0,0,0
6078007,3,21,31,5,0,0,0.03,0.03,0,47,6,04: 6-10,50,01: 50 (max bonus),301,0,0.0,0,0,0,0
6080007,4,21,36,7,0,0,0.03,0.03,0,69,3,03: 3-5,50,01: 50 (max bonus),570,0,0.0,0,0,0,0
6086007,3,20,36,7,0,0,0.28,0.28,0,63,6,04: 6-10,50,01: 50 (max bonus),244,0,0.0,0,0,0,0
6090007,6,1,25,4,0,0,0.15,0.15,0,40,1,02: 1-2,80,03: 61-80,27000,0,0.0,0,0,0,0
6096007,5,21,38,8,0,0,0.37,0.37,0,79,1,02: 1-2,50,01: 50 (max bonus),3430,0,0.0,0,0,0,0
6098007,5,1,53,4,0,0,0.11,0.11,0,39,8,04: 6-10,57,02: 51-60,8561,0,0.0,0,0,0,0
6100007,3,11,31,4,0,0,0.47,0.47,0,33,5,03: 3-5,64,03: 61-80,180,0,0.0,0,0,0,0
6102007,4,15,25,6,0,0,0.14,0.14,0,56,1,02: 1-2,58,02: 51-60,990,0,0.0,0,0,0,0
6106007,3,15,28,4,0,0,0.74,0.74,0,35,2,02: 1-2,50,01: 50 (max bonus),266,0,0.0,0,0,0,0
6108007,5,21,60,4,0,0,0.74,0.74,0,33,1,02: 1-2,50,01: 50 (max bonus),3317,0,0.0,0,0,0,0
6112007,4,17,30,4,0,0,0.43,0.43,0,34,0,01: new (0),64,03: 61-80,1729,0,0.0,0,0,0,0
6114007,4,8,30,2,0,0,0.06,0.06,0,24,0,01: new (0),76,03: 61-80,1214,0,0.0,0,0,0,0
