member_id,med_region_key,bmi_key,age,age_band,sex,bmi,obese_flag,children,children_band,smoker_flag,smoker_status,charges,is_charges_outlier_iqr15,is_charges_top1pct
1,1,4,18,01: 18-24,female,30.305,1,0,0,0,non-smoker,2203.74,0,0
2,1,4,18,01: 18-24,female,35.625,1,0,0,0,non-smoker,2211.13,0,0
3,3,4,18,01: 18-24,female,39.16,1,0,0,0,non-smoker,1633.04,0,0
4,1,1,18,01: 18-24,male,17.29,0,2,2,1,smoker,12829.46,0,0
5,3,2,18,01: 18-24,male,21.78,0,2,2,0,non-smoker,11884.05,0,0
6,3,2,18,01: 18-24,male,23.21,0,0,0,0,non-smoker,1121.87,0,0
7,1,3,18,01: 18-24,male,27.36,0,1,1,1,smoker,17178.68,0,0
8,3,3,18,01: 18-24,male,29.37,0,1,1,0,non-smoker,1719.44,0,0
9,3,4,18,01: 18-24,male,35.2,1,1,1,0,non-smoker,1727.54,0,0
10,4,3,19,01: 18-24,female,27.9,0,0,0,1,smoker,16884.92,0,0
11,2,4,19,01: 18-24,female,32.11,1,0,0,0,non-smoker,2130.68,0,0
12,4,4,19,01: 18-24,female,32.9,1,0,0,0,non-smoker,1748.77,0,0
13,2,4,19,01: 18-24,female,39.615,1,1,1,0,non-smoker,2730.11,0,0
14,2,1,19,01: 18-24,male,17.48,0,0,0,0,non-smoker,1621.34,0,0
15,4,4,19,01: 18-24,male,33.1,1,0,0,0,non-smoker,23082.96,0,0
16,4,4,20,01: 18-24,male,33.0,1,1,1,0,non-smoker,1980.07,0,0
17,4,1,21,01: 18-24,female,17.4,0,1,1,0,non-smoker,2585.27,0,0
18,3,4,21,01: 18-24,female,34.87,1,0,0,0,non-smoker,2020.55,0,0
19,3,4,21,01: 18-24,female,39.49,1,0,0,0,non-smoker,2026.97,0,0
20,1,3,21,01: 18-24,male,27.36,0,0,0,0,non-smoker,2104.11,0,0
21,4,4,21,01: 18-24,male,31.1,1,0,0,0,non-smoker,1526.31,0,0
22,1,4,22,01: 18-24,female,34.58,1,2,2,0,non-smoker,3925.76,0,0
23,2,3,22,01: 18-24,male,28.31,0,1,1,0,non-smoker,2639.04,0,0
24,4,4,22,01: 18-24,male,34.8,1,3,3+,0,non-smoker,3443.06,0,0
25,4,4,22,01: 18-24,male,35.6,1,0,0,1,smoker,35585.58,1,0
26,4,4,23,01: 18-24,female,31.4,1,0,0,1,smoker,34166.27,1,0
27,1,4,23,01: 18-24,female,36.67,1,2,2,1,smoker,38511.63,1,0
28,1,3,24,01: 18-24,female,26.6,0,0,0,0,non-smoker,3046.06,0,0
29,4,3,24,01: 18-24,female,27.6,0,0,0,0,non-smoker,18955.22,0,0
30,1,3,24,01: 18-24,male,29.83,0,0,0,1,smoker,18648.42,0,0
31,3,4,24,01: 18-24,male,32.01,1,0,0,0,non-smoker,1981.58,0,0
32,1,3,25,02: 25-34,male,26.22,0,0,0,0,non-smoker,2721.32,0,0
33,4,2,26,02: 25-34,female,19.8,0,1,1,0,non-smoker,3378.91,0,0
34,2,4,26,02: 25-34,male,33.915,1,1,1,0,non-smoker,3292.53,0,0
35,3,4,26,02: 25-34,male,46.53,1,1,1,0,non-smoker,2927.06,0,0
36,1,1,27,02: 25-34,female,17.955,0,2,2,1,smoker,15006.58,0,0
37,3,2,27,02: 25-34,female,24.75,0,0,0,1,smoker,16577.78,0,0
38,3,4,27,02: 25-34,male,32.67,1,0,0,0,non-smoker,2497.04,0,0
39,4,4,28,02: 25-34,female,33.4,1,0,0,0,non-smoker,3172.02,0,0
40,4,4,29,02: 25-34,male,34.4,1,0,0,1,smoker,36197.7,1,0
41,1,2,30,02: 25-34,female,21.945,0,1,1,0,non-smoker,4718.2,0,0
42,2,2,30,02: 25-34,male,22.99,0,2,2,1,smoker,17361.77,0,0
43,4,2,30,02: 25-34,male,24.4,0,3,3+,1,smoker,18259.22,0,0
44,4,4,30,02: 25-34,male,31.4,1,1,1,0,non-smoker,3659.35,0,0
45,3,4,30,02: 25-34,male,31.57,1,3,3+,0,non-smoker,4837.58,0,0
46,4,3,31,02: 25-34,female,29.1,0,0,0,0,non-smoker,3761.29,0,0
47,2,4,31,02: 25-34,female,32.68,1,1,1,0,non-smoker,4738.27,0,0
48,2,4,31,02: 25-34,female,32.775,1,2,2,0,non-smoker,5327.4,0,0
49,1,3,31,02: 25-34,male,26.885,0,1,1,0,non-smoker,4441.21,0,0
50,2,4,31,02: 25-34,male,31.065,1,3,3+,0,non-smoker,5425.02,0,0
51,1,2,32,02: 25-34,female,20.52,0,0,0,0,non-smoker,4544.23,0,0
52,1,2,33,02: 25-34,female,19.095,0,2,2,1,smoker,16776.3,0,0
53,4,4,33,02: 25-34,male,42.4,1,5,3+,0,non-smoker,6666.24,0,0
54,4,4,34,02: 25-34,female,33.7,1,1,1,0,non-smoker,5012.47,0,0
55,4,4,34,02: 25-34,female,38.0,1,3,3+,0,non-smoker,6196.45,0,0
56,1,2,34,02: 25-34,male,22.42,0,2,2,0,non-smoker,27375.9,0,0
57,2,3,34,02: 25-34,male,25.27,0,1,1,0,non-smoker,4894.75,0,0
58,2,3,35,03: 35-44,female,28.025,0,0,0,1,smoker,20234.85,0,0
59,2,2,35,03: 35-44,male,24.13,0,1,1,0,non-smoker,5125.22,0,0
60,3,2,35,03: 35-44,male,24.42,0,3,3+,1,smoker,19362.0,0,0
61,1,3,36,03: 35-44,male,27.55,0,3,3+,0,non-smoker,6746.74,0,0
62,2,4,36,03: 35-44,male,30.875,1,1,1,0,non-smoker,5373.36,0,0
63,3,3,37,03: 35-44,female,26.4,0,0,0,1,smoker,19539.24,0,0
64,1,4,37,03: 35-44,female,30.78,1,0,0,1,smoker,37270.15,1,0
65,4,4,37,03: 35-44,female,47.6,1,2,2,1,smoker,46113.51,1,0
66,2,2,37,03: 35-44,male,24.32,0,2,2,0,non-smoker,6198.75,0,0
67,3,4,37,03: 35-44,male,37.07,1,1,1,1,smoker,39871.7,1,0
68,3,4,37,03: 35-44,male,46.53,1,3,3+,0,non-smoker,6435.62,0,0
69,1,2,38,03: 35-44,female,19.95,0,2,2,0,non-smoker,7133.9,0,0
70,3,2,39,03: 35-44,female,23.87,0,5,3+,0,non-smoker,8582.3,0,0
71,3,4,39,03: 35-44,female,41.8,1,0,0,0,non-smoker,5662.23,0,0
72,4,3,39,03: 35-44,male,29.6,0,4,3+,0,non-smoker,7512.27,0,0
73,1,3,40,03: 35-44,female,28.12,0,1,1,1,smoker,22331.57,0,0
74,4,4,41,03: 35-44,female,31.6,1,0,0,0,non-smoker,6186.13,0,0
75,3,3,42,03: 35-44,female,26.18,0,1,1,0,non-smoker,7046.72,0,0
76,2,3,42,03: 35-44,female,26.6,0,0,0,1,smoker,21348.71,0,0
77,2,4,42,03: 35-44,female,36.195,1,1,1,0,non-smoker,7443.64,0,0
78,1,4,42,03: 35-44,female,41.325,1,1,1,0,non-smoker,7650.77,0,0
79,2,3,42,03: 35-44,male,26.315,0,1,1,0,non-smoker,6940.91,0,0
80,2,4,43,03: 35-44,female,34.58,1,1,1,0,non-smoker,7727.25,0,0
81,1,3,43,03: 35-44,male,27.36,0,3,3+,0,non-smoker,8606.22,0,0
82,2,4,44,03: 35-44,female,36.955,1,1,1,0,non-smoker,8023.14,0,0
83,4,4,44,03: 35-44,male,37.1,1,2,2,0,non-smoker,7740.34,0,0
84,1,2,45,04: 45-54,male,24.035,0,2,2,0,non-smoker,8604.48,0,0
85,3,4,45,04: 45-54,male,30.36,1,0,0,1,smoker,62592.87,1,1
86,4,4,45,04: 45-54,male,33.7,1,1,1,0,non-smoker,7445.92,0,0
87,2,2,46,04: 45-54,female,19.95,0,2,2,0,non-smoker,9193.84,0,0
88,2,2,46,04: 45-54,female,23.655,0,1,1,1,smoker,21677.28,0,0
89,4,4,46,04: 45-54,female,30.8,1,3,3+,0,non-smoker,9414.92,0,0
90,3,3,47,04: 45-54,female,29.37,0,1,1,0,non-smoker,8547.69,0,0
91,3,4,47,04: 45-54,male,36.19,1,0,0,1,smoker,41676.08,1,0
92,4,2,48,04: 45-54,female,22.8,0,0,0,0,non-smoker,8269.04,0,0
93,1,4,48,04: 45-54,female,32.3,1,2,2,0,non-smoker,10043.25,0,0
94,3,4,48,04: 45-54,female,33.33,1,0,0,0,non-smoker,8283.68,0,0
95,1,4,48,04: 45-54,male,35.625,1,4,3+,0,non-smoker,10736.87,0,0
96,3,4,49,04: 45-54,female,36.63,1,3,3+,0,non-smoker,10381.48,0,0
97,3,4,49,04: 45-54,female,42.68,1,2,2,0,non-smoker,9800.89,0,0
98,1,2,49,04: 45-54,male,22.515,0,0,0,0,non-smoker,8688.86,0,0
99,1,3,50,04: 45-54,female,27.36,0,0,0,0,non-smoker,25656.58,0,0
100,3,3,50,04: 45-54,female,28.16,0,3,3+,0,non-smoker,10702.64,0,0
101,4,3,50,04: 45-54,male,26.6,0,0,0,0,non-smoker,8444.47,0,0
102,4,4,50,04: 45-54,male,36.2,1,0,0,0,non-smoker,8457.82,0,0
103,3,4,50,04: 45-54,male,37.07,1,1,1,0,non-smoker,9048.03,0,0
104,4,2,51,04: 45-54,female,20.6,0,0,0,0,non-smoker,9264.8,0,0
105,1,4,51,04: 45-54,female,40.66,1,0,0,0,non-smoker,9875.68,0,0
106,4,4,51,04: 45-54,male,37.0,1,0,0,0,non-smoker,8798.59,0,0
107,2,4,52,04: 45-54,male,34.485,1,3,3+,1,smoker,60021.4,1,1
108,3,4,52,04: 45-54,male,41.8,1,2,2,1,smoker,47269.85,1,0
109,4,4,53,04: 45-54,male,36.1,1,1,1,0,non-smoker,10085.85,0,0
110,1,4,54,04: 45-54,female,32.3,1,1,1,0,non-smoker,11512.41,0,0
111,1,3,54,04: 45-54,male,25.46,0,1,1,0,non-smoker,25517.11,0,0
112,2,4,54,04: 45-54,male,33.63,1,1,1,0,non-smoker,10825.25,0,0
113,1,4,56,05: 55-64,male,32.11,1,1,1,0,non-smoker,11763.0,0,0
114,2,2,57,05: 55-64,female,23.18,0,0,0,0,non-smoker,11830.61,0,0
115,3,3,57,05: 55-64,female,25.74,0,2,2,0,non-smoker,12629.17,0,0
116,1,1,57,05: 55-64,male,18.335,0,0,0,0,non-smoker,11534.87,0,0
117,3,4,57,05: 55-64,male,42.13,1,1,1,1,smoker,48675.52,1,0
118,4,3,58,05: 55-64,female,25.2,0,0,0,0,non-smoker,11837.16,0,0
119,4,3,58,05: 55-64,female,29.0,0,0,0,0,non-smoker,11842.44,0,0
120,2,3,58,05: 55-64,male,28.595,0,0,0,0,non-smoker,11735.88,0,0
121,1,3,59,05: 55-64,female,26.505,0,0,0,0,non-smoker,12815.44,0,0
122,1,3,59,05: 55-64,male,25.46,0,1,1,0,non-smoker,12913.99,0,0
123,1,4,60,05: 55-64,female,36.005,1,0,0,0,non-smoker,13228.85,0,0
124,2,2,61,05: 55-64,female,21.09,0,0,0,0,non-smoker,13415.04,0,0
125,1,4,61,05: 55-64,female,36.385,1,1,1,1,smoker,48517.56,1,0
126,3,4,61,05: 55-64,male,31.57,1,0,0,0,non-smoker,12557.61,0,0
127,4,4,61,05: 55-64,male,36.1,1,3,3+,0,non-smoker,27941.29,0,0
128,4,3,62,05: 55-64,female,25.0,0,0,0,0,non-smoker,13451.12,0,0
129,4,4,63,05: 55-64,male,30.8,1,0,0,0,non-smoker,13390.56,0,0
130,4,4,63,05: 55-64,male,33.1,1,0,0,0,non-smoker,13393.76,0,0
131,2,4,63,05: 55-64,male,41.325,1,3,3+,0,non-smoker,15555.19,0,0
132,3,4,63,05: 55-64,male,41.47,1,0,0,0,non-smoker,13405.39,0,0
133,2,3,64,05: 55-64,female,26.885,0,0,0,1,smoker,29330.98,0,0
134,3,4,64,05: 55-64,male,33.88,1,0,0,1,smoker,46889.26,1,0
