claim_id,policy_id,area_key,fr_region_key,vehicle_key,driver_age_key,claim_amount,claim_size_band,is_large_loss
1,78007,2,15,65,7,1839.48,04: 1.5k-5k,0
2,96007,5,8,60,6,317.36,01: <500,0
3,1074007,4,5,57,6,1128.12,03: 1k-1.5k,0
4,2092007,2,7,55,6,924.66,02: 500-1k,0
5,2092007,2,7,55,6,3800.5,04: 1.5k-5k,1
6,2274007,4,12,47,5,786.4,02: 500-1k,0
7,3030007,5,16,64,1,1204.0,03: 1k-1.5k,0
8,4000007,5,21,36,7,556.14,02: 500-1k,0
9,4000007,5,21,36,7,1204.0,03: 1k-1.5k,0
10,5092007,4,20,30,2,56.8,01: <500,0
